type,role,mac,rssi,rate,sig_mode,mcs,bandwidth,smoothing,not_sounding,aggregation,stbc,fec_coding,sgi,noise_floor,ampdu_cnt,channel,secondary_channel,local_timestamp,ant,sig_len,rx_state,real_time_set,real_timestamp,len,CSI_DATA
CSI_DATA,AP,3C:61:05:12:7D:CC,-54,11,0,0,0,0,0,0,0,0,0,-94,0,8,1,6292925,0,37,0,0,6.614441,128,[37 80 2 0 0 0 0 0 0 0 0 0 -5 17 -6 17 -6 19 -7 20 -8 18 -9 16 -8 17 -9 16 -10 17 -10 16 -10 18 -11 18 -10 17 -10 17 -10 15 -11 18 -11 15 -11 13 -11 14 -11 14 -10 14 -11 15 -10 13 -9 15 -10 17 -9 16 0 0 -8 16 -9 17 -8 17 -7 16 -7 14 -7 16 -7 17 -7 15 -6 17 -7 16 -6 18 -6 15 -5 16 -6 17 -6 16 -5 17 -5 18 -5 17 -5 17 -4 17 -4 16 -4 17 -3 17 -3 18 -3 16 -3 16 0 0 0 0 0 0 0 0 0 0 ]
CSI_DATA,AP,3C:61:05:12:7D:CC,-54,11,0,0,0,0,0,0,0,0,0,-94,0,8,1,6296039,0,37,0,0,6.646319,128,[37 80 2 0 0 0 0 0 0 0 0 0 -20 -1 -19 -2 -21 -2 -21 -2 -21 -3 -18 -4 -20 -4 -18 -5 -20 -5 -19 -6 -21 -6 -22 -7 -20 -6 -20 -6 -18 -6 -22 -6 -17 -7 -17 -7 -18 -7 -18 -7 -17 -6 -19 -6 -16 -7 -18 -6 -20 -6 -19 -6 0 0 -19 -5 -20 -5 -19 -4 -19 -4 -16 -4 -19 -3 -19 -3 -17 -3 -19 -2 -18 -3 -20 -2 -17 -2 -18 -2 -19 -2 -18 -2 -19 -1 -20 0 -18 -1 -19 0 -18 0 -18 0 -19 1 -19 1 -19 1 -18 0 -18 1 0 0 0 0 0 0 0 0 0 0 ]
CSI_DATA,AP,3C:61:05:12:7D:CC,-55,11,1,0,1,1,1,0,0,0,0,-94,0,8,1,6317615,0,84,0,0,6.690086,384,[84 -64 4 0 0 0 0 0 0 0 0 0 -8 -13 -8 -13 -9 -16 -8 -18 -7 -15 -5 -14 -7 -16 -6 -14 -6 -15 -4 -16 -4 -19 -5 -18 -4 -18 -2 -18 -2 -15 -4 -19 -3 -17 -1 -16 -2 -16 -3 -15 -3 -16 -2 -17 0 -15 -1 -17 -1 -18 -3 -16 0 0 -3 -17 -4 -16 -4 -18 -4 -15 -1 -16 -4 -16 -4 -17 -4 -15 -5 -16 -6 -13 -6 -15 -3 -14 -4 -15 -6 -14 -6 -14 -8 -14 -7 -17 -7 -13 -8 -13 -10 -11 -8 -13 -8 -14 -8 -13 -9 -14 -6 -13 -8 -12 0 0 0 0 0 0 0 0 0 0 ]
CSI_DATA,AP,3C:61:05:12:7D:CC,-55,11,1,0,1,1,1,0,0,0,0,-94,0,8,1,6322535,0,84,0,0,6.734528,384,[84 -64 4 0 0 0 0 0 0 0 0 0 -8 11 -8 10 -9 12 -12 12 -10 10 -10 9 -11 11 -10 9 -10 9 -12 9 -14 10 -13 10 -13 10 -14 8 -12 6 -14 9 -13 7 -13 6 -13 7 -11 7 -12 7 -13 7 -12 5 -14 6 -15 7 -13 7 0 0 -13 7 -12 8 -13 9 -11 8 -13 6 -11 8 -12 9 -10 8 -11 9 -8 9 -10 10 -10 7 -10 8 -9 9 -9 9 -9 11 -11 11 -7 10 -8 11 -5 11 -8 10 -7 10 -7 10 -8 11 -8 9 -7 10 0 0 0 0 0 0 0 0 0 0 ]
CSI_DATA,AP,3C:61:05:12:7D:CC,-55,11,1,0,1,1,1,0,0,0,0,-94,0,8,1,6327598,0,84,0,0,6.774974,384,[84 -64 4 0 0 0 0 0 0 0 0 0 15 -1 14 -1 17 0 18 2 16 2 14 3 17 2 14 2 15 2 15 4 18 5 18 4 17 5 16 6 13 6 18 6 15 5 14 6 15 6 13 5 14 5 15 6 12 7 15 7 15 7 15 5 0 0 15 6 15 4 16 5 14 4 14 6 15 4 16 4 13 3 15 3 13 0 15 1 13 2 14 2 14 0 14 1 15 -1 17 0 13 -2 15 -2 13 -4 14 -1 15 -2 15 -2 15 -3 14 -1 13 -3 0 0 0 0 0 0 0 0 0 0 ]
CSI_DATA,AP,3C:61:05:12:7D:CC,-55,11,1,0,1,1,1,0,0,0,0,-94,0,8,1,6332504,0,84,0,0,6.811617,384,[84 -64 4 0 0 0 0 0 0 0 0 0 12 -9 12 -9 14 -11 16 -10 13 -8 14 -6 14 -8 13 -7 14 -7 14 -6 17 -7 17 -8 17 -6 17 -5 14 -4 18 -6 16 -5 14 -3 15 -3 13 -4 15 -4 15 -4 14 -2 16 -4 17 -4 15 -5 0 0 16 -5 14 -6 16 -7 13 -6 15 -4 14 -6 15 -6 13 -6 15 -7 10 -9 13 -9 12 -6 13 -7 11 -9 12 -8 12 -10 14 -10 10 -9 10 -10 8 -11 11 -10 11 -10 10 -10 10 -12 11 -9 9 -10 0 0 0 0 0 0 0 0 0 0 ]
CSI_DATA,AP,3C:61:05:12:7D:CC,-55,11,1,0,1,1,1,0,0,0,0,-94,0,8,1,6337625,0,84,0,0,6.852494,384,[84 -64 4 0 0 0 0 0 0 0 0 0 2 -16 1 -15 2 -18 4 -19 4 -16 5 -14 4 -16 4 -15 5 -15 6 -15 7 -18 7 -18 7 -17 8 -16 8 -13 8 -17 8 -15 8 -13 8 -14 7 -13 7 -14 8 -14 8 -12 9 -15 9 -15 7 -15 0 0 7 -15 6 -15 7 -16 5 -15 8 -14 6 -15 6 -16 5 -14 5 -16 2 -14 3 -16 5 -13 5 -14 2 -15 3 -14 1 -15 4 -18 1 -15 1 -15 -2 -14 1 -15 1 -15 1 -15 0 -16 2 -15 -1 -14 0 0 0 0 0 0 0 0 0 0 ]
CSI_DATA,AP,3C:61:05:12:7D:CC,-54,11,0,0,0,0,0,0,0,0,0,-94,0,8,1,6371878,0,84,0,0,6.892781,128,[84 -64 4 0 0 0 0 0 0 0 0 0 18 -4 18 -3 20 -4 21 -4 20 -2 19 -1 20 -1 18 0 20 -1 19 1 22 1 22 1 21 1 19 1 18 2 22 0 19 2 18 2 18 2 18 1 17 2 19 1 16 2 18 1 20 0 19 0 0 0 19 -1 19 -1 19 -2 18 -2 17 -1 19 -3 19 -3 17 -2 18 -4 18 -2 19 -3 17 -3 17 -4 18 -4 17 -4 18 -5 19 -6 18 -5 18 -5 17 -6 17 -6 17 -7 17 -6 18 -7 16 -6 16 -6 0 0 0 0 0 0 0 0 0 0 ]
CSI_DATA,AP,3C:61:05:12:7D:CC,-55,11,1,0,1,1,1,0,0,0,0,-94,0,8,1,6372864,0,84,0,0,6.931317,384,[84 -64 4 0 0 0 0 0 0 0 0 0 14 -5 14 -5 16 -5 18 -3 15 -2 14 -1 16 -3 15 -3 15 -2 15 0 18 0 18 -1 17 0 17 2 15 2 19 1 16 2 14 3 16 2 14 1 15 2 15 2 13 4 15 4 17 3 16 2 0 0 16 2 15 1 17 2 14 0 15 3 16 1 16 1 14 0 16 0 13 -3 15 -2 13 0 14 0 14 -2 14 -1 15 -3 17 -2 14 -3 14 -4 12 -6 14 -3 14 -4 14 -4 15 -4 13 -2 13 -4 0 0 0 0 0 0 0 0 0 0 ]
CSI_DATA,AP,3C:61:05:12:7D:CC,-55,11,1,0,1,1,1,0,0,0,0,-94,0,8,1,6373211,0,84,0,0,6.969074,384,[84 -64 4 0 0 0 0 0 0 0 0 0 -4 13 -4 12 -4 14 -7 15 -6 13 -7 11 -7 13 -6 12 -6 12 -8 12 -9 14 -8 14 -9 14 -10 12 -8 10 -10 14 -9 12 -9 10 -9 11 -8 10 -9 11 -9 11 -9 9 -10 11 -10 12 -8 12 0 0 -9 12 -7 12 -9 13 -7 12 -9 10 -7 12 -7 12 -6 11 -7 12 -4 11 -5 13 -6 10 -6 11 -4 12 -5 12 -3 13 -5 15 -3 12 -3 13 0 12 -3 13 -2 12 -2 13 -2 13 -3 12 -1 11 0 0 0 0 0 0 0 0 0 0 ]
CSI_DATA,AP,3C:61:05:12:7D:CC,-54,11,1,0,0,1,1,0,0,0,0,-94,0,8,1,6373610,0,84,0,0,7.9356,256,[84 -64 4 0 0 0 0 0 0 0 0 0 -19 1 -20 -1 -21 0 -22 0 -20 -2 -19 -3 -20 -3 -19 -4 -20 -4 -19 -5 -22 -4 -22 -5 -21 -4 -20 -4 -19 -5 -22 -4 -19 -6 -17 -5 -18 -5 -18 -5 -18 -5 -19 -5 -16 -5 -18 -3 -20 -3 -20 -3 0 0 -19 -2 -20 -2 -20 -1 -19 -1 -17 -2 -19 -1 -20 -1 -18 -1 -19 1 -18 -1 -20 1 -18 0 -18 1 -20 1 -18 1 -19 2 -20 3 -19 2 -19 2 -19 3 -19 3 -19 3 -19 3 -19 5 -18 3 -18 4 0 0 0 0 0 0 0 0 0 0 ]
CSI_DATA,AP,3C:61:05:12:7D:CC,-55,11,1,0,1,1,1,0,0,0,0,-94,0,8,1,6373977,0,84,0,0,7.52059,384,[84 -64 4 0 0 0 0 0 0 0 0 0 15 -2 14 -1 17 -2 18 0 16 0 14 2 16 1 14 1 15 1 15 3 18 4 18 4 17 4 16 5 13 4 18 4 15 4 14 5 14 5 13 3 14 4 15 4 13 6 15 6 16 7 15 4 0 0 15 4 16 3 17 4 15 2 14 4 15 2 16 2 14 2 16 2 13 -1 15 0 13 2 14 1 14 -1 14 0 15 -2 17 -1 13 -2 14 -3 12 -5 14 -3 14 -3 14 -3 15 -4 14 -2 13 -4 0 0 0 0 0 0 0 0 0 0 ]
CSI_DATA,AP,3C:61:05:12:7D:CC,-54,11,0,0,0,0,0,0,0,0,0,-94,0,8,1,6456959,0,84,0,0,7.88990,128,[84 -64 4 0 0 0 0 0 0 0 0 0 -18 -8 -18 -9 -19 -10 -21 -11 -18 -10 -17 -11 -17 -12 -15 -13 -17 -13 -16 -13 -18 -14 -18 -15 -17 -14 -17 -13 -15 -13 -18 -14 -15 -14 -13 -13 -14 -14 -14 -13 -14 -13 -15 -14 -12 -12 -15 -12 -17 -13 -17 -13 0 0 -16 -12 -17 -11 -18 -11 -16 -10 -15 -10 -17 -10 -17 -11 -16 -10 -17 -9 -16 -10 -19 -9 -15 -8 -17 -8 -18 -10 -16 -9 -18 -9 -19 -8 -18 -8 -17 -8 -17 -7 -18 -7 -18 -7 -18 -7 -19 -6 -17 -6 -18 -6 0 0 0 0 0 0 0 0 0 0 ]
CSI_DATA,AP,3C:61:05:12:7D:CC,-54,11,0,0,0,0,0,0,0,0,0,-94,0,8,1,6579210,0,84,0,0,7.136516,128,[84 -64 4 0 0 0 0 0 0 0 0 0 -19 6 -20 4 -21 5 -23 6 -20 4 -20 3 -21 3 -20 1 -21 2 -20 0 -23 1 -23 1 -22 1 -21 1 -20 0 -23 2 -20 0 -19 -1 -20 0 -20 0 -19 0 -21 1 -17 -1 -20 1 -21 2 -21 2 0 0 -20 3 -20 4 -20 5 -19 4 -18 4 -19 5 -20 5 -18 4 -19 6 -18 4 -20 6 -17 5 -18 6 -19 6 -17 6 -18 8 -19 9 -18 8 -18 8 -17 8 -17 9 -17 9 -16 9 -17 10 -16 9 -16 9 0 0 0 0 0 0 0 0 0 0 ]
CSI_DATA,AP,3C:61:05:12:7D:CC,-54,11,0,0,0,0,0,0,0,0,0,-94,0,8,1,6691525,0,84,0,0,7.176882,128,[84 -64 4 0 0 0 0 0 0 0 0 0 19 -4 19 -2 21 -3 22 -3 20 -1 19 0 20 1 19 2 20 2 20 2 22 2 22 2 21 2 21 2 18 3 23 2 19 4 17 4 18 4 18 3 18 4 19 4 16 4 18 2 20 2 19 2 0 0 19 1 20 1 20 0 19 0 17 1 19 0 20 0 18 1 19 -1 18 1 20 -2 17 -1 18 -2 19 -1 18 -1 19 -2 20 -3 18 -2 18 -2 18 -3 18 -3 18 -3 18 -3 19 -5 17 -4 17 -4 0 0 0 0 0 0 0 0 0 0 ]
CSI_DATA,AP,3C:61:05:12:7D:CC,-55,11,1,0,1,1,1,0,0,0,0,-94,0,8,1,6830010,0,84,0,0,7.214468,384,[84 -64 4 0 0 0 0 0 0 0 0 0 12 -9 12 -9 14 -10 16 -9 14 -8 14 -5 15 -7 13 -6 14 -7 15 -4 18 -5 17 -6 17 -4 17 -3 14 -2 18 -5 16 -4 15 -2 16 -2 14 -4 15 -3 15 -3 14 0 16 -1 18 -1 16 -3 0 0 16 -4 15 -5 17 -5 14 -5 16 -2 15 -5 16 -5 14 -5 15 -6 12 -7 14 -7 13 -4 14 -4 13 -7 13 -6 13 -9 16 -8 12 -8 12 -9 10 -10 12 -8 12 -9 12 -9 13 -10 12 -7 11 -9 0 0 0 0 0 0 0 0 0 0 ]
CSI_DATA,AP,3C:61:05:12:7D:CC,-55,11,1,0,1,1,1,0,0,0,0,-94,0,8,1,6830411,0,84,0,0,7.254582,384,[84 -64 4 0 0 0 0 0 0 0 0 0 -3 14 -2 14 -2 16 -5 18 -5 15 -6 14 -5 16 -5 14 -5 15 -7 14 -9 17 -8 17 -8 16 -9 15 -8 12 -9 17 -8 14 -9 13 -9 14 -7 13 -8 13 -8 14 -9 11 -10 14 -11 15 -8 14 0 0 -8 14 -7 14 -8 16 -6 14 -9 14 -6 15 -7 15 -5 13 -5 15 -3 13 -4 16 -5 13 -5 13 -3 14 -3 13 -1 15 -4 17 -1 14 -1 15 2 13 -1 14 0 14 -1 15 0 15 -2 14 0 13 0 0 0 0 0 0 0 0 0 0 ]
CSI_DATA,AP,3C:61:05:12:7D:CC,-55,11,1,0,1,1,1,0,0,0,0,-94,0,8,1,6859079,0,84,0,0,7.294559,384,[84 -64 4 0 0 0 0 0 0 0 0 0 -9 -13 -9 -13 -10 -16 -9 -18 -8 -15 -5 -15 -8 -16 -7 -14 -6 -15 -5 -16 -6 -18 -7 -18 -6 -18 -4 -19 -3 -15 -5 -19 -4 -17 -2 -16 -3 -17 -3 -15 -4 -16 -3 -17 -1 -15 -3 -17 -3 -18 -4 -17 0 0 -4 -17 -5 -16 -5 -18 -5 -16 -3 -17 -5 -16 -6 -17 -5 -15 -6 -16 -8 -12 -8 -14 -5 -14 -6 -14 -7 -14 -7 -13 -9 -14 -9 -17 -9 -12 -10 -13 -10 -10 -9 -13 -9 -13 -10 -12 -11 -13 -8 -12 -10 -11 0 0 0 0 0 0 0 0 0 0 ]
CSI_DATA,AP,3C:61:05:12:7D:CC,-55,11,1,0,1,1,1,0,0,0,0,-94,0,8,1,6859408,0,84,0,0,7.339644,384,[84 -64 4 0 0 0 0 0 0 0 0 0 15 -1 14 -1 17 -2 19 1 15 1 14 2 16 1 15 1 16 1 15 4 18 5 18 4 17 5 16 6 13 5 18 5 16 6 13 6 15 6 13 4 15 5 15 6 12 7 14 7 16 8 15 6 0 0 16 6 15 4 17 5 14 4 14 6 15 3 16 4 14 3 15 3 14 0 16 2 13 4 14 4 14 1 14 1 16 0 17 2 14 -1 15 -1 13 -3 15 -1 14 -1 15 -1 16 -1 14 1 14 -1 0 0 0 0 0 0 0 0 0 0 ]
CSI_DATA,AP,3C:61:05:12:7D:CC,-55,11,1,0,1,1,1,0,0,0,0,-94,0,8,1,7059801,0,84,0,0,7.382133,384,[84 -64 4 0 0 0 0 0 0 0 0 0 6 -14 6 -14 8 -16 10 -16 9 -14 9 -12 9 -14 8 -13 9 -14 10 -13 13 -14 12 -15 12 -14 13 -12 11 -10 13 -14 12 -11 12 -10 12 -11 10 -11 11 -12 12 -12 11 -9 13 -11 14 -12 12 -12 0 0 11 -12 10 -13 12 -13 10 -12 12 -11 10 -13 10 -14 9 -12 10 -14 6 -14 8 -14 9 -11 9 -12 7 -13 7 -13 6 -14 9 -16 5 -14 5 -15 2 -14 5 -15 5 -15 5 -14 5 -16 6 -14 4 -14 0 0 0 0 0 0 0 0 0 0 ]
CSI_DATA,AP,3C:61:05:12:7D:CC,-55,11,1,0,1,1,1,0,0,0,0,-94,0,8,1,7060157,0,84,0,0,7.418502,384,[84 -64 4 0 0 0 0 0 0 0 0 0 -11 -12 -11 -11 -12 -14 -12 -16 -10 -14 -8 -13 -10 -15 -9 -13 -9 -14 -7 -15 -8 -18 -8 -17 -8 -17 -6 -18 -5 -15 -8 -18 -6 -16 -5 -16 -5 -16 -6 -15 -6 -15 -6 -16 -3 -15 -4 -17 -5 -18 -6 -16 0 0 -6 -17 -7 -16 -7 -17 -7 -14 -5 -16 -7 -15 -8 -16 -7 -14 -8 -15 -9 -11 -9 -14 -6 -13 -7 -14 -9 -13 -8 -13 -10 -13 -11 -16 -10 -12 -11 -11 -12 -9 -11 -12 -11 -12 -11 -12 -11 -12 -9 -12 -10 -11 0 0 0 0 0 0 0 0 0 0 ]
CSI_DATA,AP,3C:61:05:12:7D:CC,-55,11,1,0,1,1,1,0,0,0,0,-94,0,8,1,7060522,0,84,0,0,7.464392,384,[84 -64 4 0 0 0 0 0 0 0 0 0 13 -2 13 -2 15 -2 17 1 14 1 13 2 14 1 13 1 14 1 13 3 16 3 16 3 15 4 15 4 12 4 16 4 14 4 12 5 13 5 12 4 13 4 13 4 11 5 14 5 15 6 14 4 0 0 14 4 13 3 15 4 13 2 13 5 14 2 14 3 13 2 14 2 12 -1 14 0 12 2 13 2 13 -1 12 0 13 -2 15 -1 13 -2 13 -2 11 -4 13 -2 13 -2 13 -2 14 -3 13 -2 12 -3 0 0 0 0 0 0 0 0 0 0 ]
CSI_DATA,AP,3C:61:05:12:7D:CC,-55,11,1,0,1,1,1,0,0,0,0,-94,0,8,1,7060986,0,84,0,0,7.501371,384,[84 -64 4 0 0 0 0 0 0 0 0 0 4 -15 5 -15 6 -16 8 -17 7 -14 8 -13 8 -15 7 -14 8 -14 9 -13 11 -15 10 -16 11 -15 12 -14 10 -11 12 -15 11 -13 11 -10 11 -12 9 -12 10 -12 11 -12 11 -9 12 -11 13 -13 11 -13 0 0 11 -13 10 -13 12 -14 9 -12 11 -11 10 -13 10 -14 9 -13 9 -14 5 -13 7 -15 8 -12 9 -12 6 -14 7 -13 6 -15 8 -16 5 -14 5 -15 2 -14 5 -15 5 -15 5 -14 4 -16 6 -14 4 -14 0 0 0 0 0 0 0 0 0 0 ]
CSI_DATA,AP,3C:61:05:12:7D:CC,-55,11,1,0,1,1,1,0,0,0,0,-94,0,8,1,7061387,0,84,0,0,7.543207,384,[84 -64 4 0 0 0 0 0 0 0 0 0 6 11 6 11 7 13 5 15 4 13 3 12 5 14 4 13 4 13 3 14 3 16 4 16 3 16 2 15 1 13 2 16 1 15 0 13 0 14 1 12 1 13 1 14 -1 12 0 15 0 16 2 14 0 0 2 14 3 14 2 16 3 13 1 14 3 13 3 15 3 13 4 14 5 10 5 12 3 11 3 12 5 11 5 11 7 12 6 14 6 11 7 11 8 9 6 11 7 11 7 11 8 11 6 10 7 9 0 0 0 0 0 0 0 0 0 0 ]
CSI_DATA,AP,3C:61:05:12:7D:CC,-55,11,1,0,1,1,1,0,0,0,0,-94,0,8,1,7061707,0,84,0,0,7.578710,384,[84 -64 4 0 0 0 0 0 0 0 0 0 15 -2 14 -2 17 -2 18 1 15 1 14 1 16 1 15 1 15 1 15 3 18 4 18 3 17 4 17 5 14 5 18 5 16 5 14 6 15 6 13 5 14 5 15 5 12 6 15 6 16 6 16 5 0 0 16 5 15 4 17 5 15 3 14 6 15 4 16 4 14 3 16 3 13 0 16 0 13 2 14 2 15 0 14 1 15 -1 17 1 14 -1 15 -2 13 -4 15 -1 15 -1 15 -2 16 -2 14 -1 13 -3 0 0 0 0 0 0 0 0 0 0 ]
CSI_DATA,AP,3C:61:05:12:7D:CC,-55,11,1,0,1,1,1,0,0,0,0,-94,0,8,1,7062063,0,84,0,0,7.615425,384,[84 -64 4 0 0 0 0 0 0 0 0 0 3 -13 3 -13 4 -15 7 -16 5 -14 6 -12 6 -14 6 -13 6 -13 7 -12 9 -14 8 -15 9 -14 10 -13 8 -11 9 -14 9 -12 9 -10 10 -11 8 -11 8 -12 9 -12 9 -9 10 -12 11 -12 9 -12 0 0 9 -12 7 -12 9 -13 7 -12 9 -11 8 -13 8 -13 7 -12 7 -13 4 -12 5 -13 6 -11 6 -11 5 -13 5 -12 4 -14 6 -15 3 -13 3 -14 1 -13 4 -14 4 -13 3 -13 3 -15 4 -13 2 -13 0 0 0 0 0 0 0 0 0 0 ]
CSI_DATA,AP,3C:61:05:12:7D:CC,-55,11,1,0,1,1,1,0,0,0,0,-94,0,8,1,7062410,0,84,0,0,7.655789,384,[84 -64 4 0 0 0 0 0 0 0 0 0 8 10 8 9 9 11 9 13 8 12 5 11 7 12 7 11 6 12 6 13 7 14 7 15 6 14 5 15 3 12 6 15 4 14 3 13 3 14 4 12 4 13 3 13 2 12 3 14 4 15 4 13 0 0 4 14 5 13 5 15 5 12 3 14 5 13 5 13 5 12 6 13 7 9 8 11 5 11 6 11 8 10 6 10 9 11 8 13 8 9 9 9 9 7 8 10 8 10 9 10 10 9 8 9 8 8 0 0 0 0 0 0 0 0 0 0 ]
CSI_DATA,AP,3C:61:05:12:7D:CC,-55,11,1,0,1,1,1,0,0,0,0,-94,0,8,1,7062712,0,84,0,0,7.690790,384,[84 -64 4 0 0 0 0 0 0 0 0 0 14 -5 14 -5 16 -5 18 -4 16 -3 15 -1 16 -2 15 -2 16 -2 16 0 18 -1 18 -1 18 0 18 2 14 2 18 1 17 2 15 3 16 2 14 1 15 1 15 2 14 3 16 3 18 3 16 1 0 0 17 1 16 0 18 1 15 -1 15 2 16 -1 17 0 15 -1 16 -1 13 -4 15 -3 13 -1 15 -1 14 -3 14 -3 15 -5 17 -4 13 -5 14 -5 12 -7 14 -5 14 -5 14 -5 15 -7 14 -4 12 -6 0 0 0 0 0 0 0 0 0 0 ]
CSI_DATA,AP,3C:61:05:12:7D:CC,-55,11,1,0,1,1,1,0,0,0,0,-94,0,8,1,7063077,0,84,0,0,7.729140,384,[84 -64 4 0 0 0 0 0 0 0 0 0 -2 13 -2 13 -3 15 -5 16 -4 13 -5 11 -5 14 -5 12 -6 13 -7 13 -7 15 -7 15 -7 14 -9 14 -8 11 -9 14 -8 13 -9 11 -9 11 -7 11 -8 11 -9 12 -9 10 -9 12 -10 13 -8 12 0 0 -9 13 -7 13 -8 14 -6 12 -9 11 -7 12 -8 13 -7 11 -6 13 -3 12 -4 14 -5 11 -5 12 -4 12 -4 12 -3 13 -6 15 -3 13 -3 13 0 12 -3 13 -3 13 -2 13 -1 14 -3 12 -2 12 0 0 0 0 0 0 0 0 0 0 ]
CSI_DATA,AP,3C:61:05:12:7D:CC,-54,11,0,0,0,0,0,0,0,0,0,-94,0,8,1,7370332,0,84,0,0,7.769569,128,[84 -64 4 0 0 0 0 0 0 0 0 0 10 -16 11 -16 11 -17 13 -18 13 -16 13 -14 13 -15 13 -13 14 -15 15 -13 16 -15 17 -15 16 -14 15 -14 15 -12 16 -15 15 -12 15 -11 15 -12 15 -12 14 -11 15 -13 13 -10 14 -13 15 -14 15 -14 0 0 13 -14 13 -15 13 -16 13 -15 12 -13 12 -15 12 -16 11 -14 11 -16 12 -14 13 -16 11 -14 11 -15 12 -16 11 -16 11 -17 11 -18 10 -17 10 -17 9 -17 9 -17 9 -18 9 -17 9 -18 9 -16 9 -16 0 0 0 0 0 0 0 0 0 0 ]
CSI_DATA,AP,3C:61:05:12:7D:CC,-55,11,1,0,1,1,1,0,0,0,0,-94,0,8,1,7452620,0,84,0,0,7.813344,384,[84 -64 4 0 0 0 0 0 0 0 0 0 -8 11 -7 10 -9 12 -11 12 -10 11 -10 8 -11 11 -10 10 -10 10 -11 9 -14 10 -13 10 -13 9 -14 9 -11 6 -14 10 -12 8 -13 7 -12 7 -11 8 -12 8 -13 8 -13 5 -14 7 -15 8 -12 8 0 0 -12 8 -12 9 -13 10 -11 9 -12 7 -11 9 -12 10 -10 9 -11 10 -8 10 -10 11 -10 8 -10 9 -8 10 -9 10 -8 11 -11 13 -7 11 -7 12 -4 12 -7 11 -7 12 -7 12 -7 12 -8 10 -6 11 0 0 0 0 0 0 0 0 0 0 ]
CSI_DATA,AP,3C:61:05:12:7D:CC,-55,11,1,0,1,1,1,0,0,0,0,-94,0,8,1,7452895,0,84,0,0,7.854483,384,[84 -64 4 0 0 0 0 0 0 0 0 0 -10 -10 -10 -10 -11 -12 -10 -14 -9 -12 -7 -11 -9 -13 -8 -12 -8 -12 -7 -13 -8 -15 -9 -15 -8 -15 -6 -15 -5 -13 -7 -16 -6 -14 -5 -14 -5 -14 -6 -12 -5 -14 -5 -14 -3 -13 -5 -15 -5 -16 -6 -14 0 0 -6 -15 -7 -14 -7 -15 -7 -13 -5 -14 -7 -13 -7 -14 -7 -13 -8 -14 -9 -10 -9 -12 -7 -11 -7 -12 -9 -11 -8 -11 -10 -11 -10 -14 -9 -10 -10 -10 -11 -8 -10 -11 -10 -10 -10 -10 -11 -10 -9 -10 -10 -9 0 0 0 0 0 0 0 0 0 0 ]
CSI_DATA,AP,3C:61:05:12:7D:CC,-55,11,1,0,1,1,1,0,0,0,0,-94,0,8,1,7453170,0,84,0,0,7.900057,384,[84 -64 4 0 0 0 0 0 0 0 0 0 12 -2 12 -2 15 -2 16 0 14 0 13 1 14 0 13 0 14 0 14 2 16 3 16 2 15 3 15 4 12 4 16 4 14 3 12 4 13 4 12 3 13 3 13 4 11 5 14 5 15 5 14 4 0 0 14 4 13 2 15 3 13 2 13 5 14 2 15 3 13 2 14 2 12 -1 14 0 12 2 12 2 13 -1 12 0 13 -2 16 0 12 -2 13 -2 11 -4 13 -2 13 -2 13 -2 14 -3 12 -1 12 -3 0 0 0 0 0 0 0 0 0 0 ]
CSI_DATA,AP,3C:61:05:12:7D:CC,-55,11,1,0,1,1,1,0,0,0,0,-94,0,8,1,7455395,0,84,0,0,7.936943,384,[84 -64 4 0 0 0 0 0 0 0 0 0 9 -12 9 -12 11 -13 14 -13 12 -10 12 -8 13 -11 11 -10 12 -10 13 -9 16 -10 16 -10 15 -10 16 -8 13 -6 17 -10 15 -8 14 -6 15 -7 13 -7 14 -7 15 -7 14 -5 16 -6 17 -7 15 -8 0 0 15 -8 14 -9 16 -9 13 -9 15 -7 14 -9 14 -9 12 -9 13 -10 9 -11 12 -11 12 -8 12 -9 11 -11 11 -10 10 -12 13 -12 9 -11 9 -12 6 -13 10 -12 9 -12 10 -12 10 -13 10 -11 8 -12 0 0 0 0 0 0 0 0 0 0 ]
CSI_DATA,AP,3C:61:05:12:7D:CC,-55,11,1,0,1,1,1,0,0,0,0,-94,0,8,1,7455868,0,84,0,0,7.978789,384,[84 -64 4 0 0 0 0 0 0 0 0 0 0 13 1 12 0 15 -2 16 -2 14 -3 13 -3 14 -3 13 -2 13 -4 13 -5 16 -4 16 -4 15 -6 15 -5 12 -5 16 -5 14 -6 12 -6 13 -5 12 -5 13 -6 13 -7 11 -6 14 -7 15 -5 14 0 0 -5 14 -4 14 -5 15 -4 13 -6 13 -4 14 -4 14 -4 13 -3 14 0 12 -1 14 -3 12 -2 13 0 13 -1 13 0 13 -1 16 1 13 1 13 3 12 0 13 1 13 1 13 2 14 0 13 2 12 0 0 0 0 0 0 0 0 0 0 ]
CSI_DATA,AP,3C:61:05:12:7D:CC,-55,11,1,0,1,1,1,0,0,0,0,-94,0,8,1,7456242,0,84,0,0,8.17598,384,[84 -64 4 0 0 0 0 0 0 0 0 0 11 8 12 8 13 9 13 13 11 11 9 10 11 11 10 11 11 11 9 12 11 15 12 14 10 14 9 15 7 13 10 15 8 14 6 13 7 14 7 12 8 13 8 14 5 13 7 15 8 15 8 14 0 0 8 14 9 13 9 15 9 12 7 14 9 13 9 14 8 12 10 13 10 9 11 11 8 11 9 11 11 10 10 10 12 9 12 12 12 8 12 9 12 6 11 9 11 9 12 8 13 9 11 9 12 7 0 0 0 0 0 0 0 0 0 0 ]
CSI_DATA,AP,3C:61:05:12:7D:CC,-55,11,1,0,1,1,1,0,0,0,0,-94,0,8,1,7456571,0,84,0,0,8.54314,384,[84 -64 4 0 0 0 0 0 0 0 0 0 -14 6 -13 6 -16 7 -18 5 -16 5 -15 3 -17 4 -15 4 -16 3 -16 2 -19 2 -19 3 -18 2 -18 0 -15 0 -20 1 -17 1 -16 -1 -17 0 -16 0 -16 0 -17 0 -15 -2 -18 -1 -19 -1 -17 1 0 0 -17 0 -17 2 -18 1 -16 2 -17 -1 -17 2 -18 2 -16 2 -17 3 -14 5 -16 5 -14 2 -15 3 -14 5 -14 4 -15 6 -18 5 -14 6 -15 7 -11 8 -15 6 -14 6 -14 7 -15 8 -14 5 -13 7 0 0 0 0 0 0 0 0 0 0 ]
CSI_DATA,AP,3C:61:05:12:7D:CC,-55,11,1,0,1,1,1,0,0,0,0,-94,0,8,1,7504536,0,84,0,0,8.94850,384,[84 -64 4 0 0 0 0 0 0 0 0 0 -16 0 -15 1 -18 0 -19 -2 -16 -2 -15 -3 -17 -2 -16 -2 -16 -3 -16 -5 -18 -6 -18 -5 -17 -6 -17 -7 -14 -7 -19 -7 -16 -7 -14 -8 -15 -7 -14 -5 -15 -7 -16 -7 -13 -8 -15 -9 -16 -9 -16 -7 0 0 -16 -7 -16 -6 -17 -7 -15 -5 -14 -8 -16 -6 -16 -6 -15 -5 -16 -6 -15 -2 -16 -3 -13 -5 -14 -5 -15 -3 -15 -3 -16 -1 -19 -4 -15 -1 -16 -1 -14 1 -16 -1 -16 -1 -16 -1 -17 -1 -15 -2 -15 0 0 0 0 0 0 0 0 0 0 0 ]
CSI_DATA,AP,3C:61:05:12:7D:CC,-56,11,1,0,1,1,1,0,0,0,0,-94,0,8,1,7823028,0,84,0,0,8.146417,384,[84 -64 4 0 0 0 0 0 0 0 0 0 12 -8 11 -8 13 -9 15 -8 13 -7 12 -5 13 -7 13 -6 14 -6 14 -5 17 -5 16 -6 16 -5 16 -4 13 -3 18 -5 15 -4 14 -3 14 -3 13 -3 14 -3 15 -3 14 -1 15 -2 17 -2 15 -4 0 0 15 -4 15 -5 16 -5 14 -5 14 -3 14 -5 15 -5 13 -5 15 -6 11 -7 13 -8 12 -5 13 -6 11 -7 12 -7 12 -9 15 -9 11 -8 11 -10 9 -10 12 -9 12 -9 12 -9 12 -10 11 -8 10 -9 0 0 0 0 0 0 0 0 0 0 ]
CSI_DATA,AP,3C:61:05:12:7D:CC,-56,11,1,0,1,1,1,0,0,0,0,-94,0,8,1,7823575,0,84,0,0,8.179181,384,[84 -64 4 0 0 0 0 0 0 0 0 0 -7 12 -8 11 -9 14 -12 14 -10 11 -11 10 -11 12 -10 10 -10 11 -12 9 -14 11 -14 11 -14 10 -15 9 -13 7 -14 10 -14 9 -13 6 -14 8 -12 8 -13 7 -14 8 -14 5 -15 6 -16 8 -14 8 0 0 -15 8 -13 9 -15 10 -12 8 -14 7 -13 9 -14 9 -12 8 -13 9 -9 10 -11 10 -11 8 -12 8 -10 10 -11 9 -10 12 -13 12 -9 11 -10 12 -7 11 -10 11 -10 11 -10 11 -10 12 -10 10 -9 10 0 0 0 0 0 0 0 0 0 0 ]
CSI_DATA,AP,3C:61:05:12:7D:CC,-56,11,1,0,1,1,1,0,0,0,0,-94,0,8,1,7824428,0,84,0,0,8.221061,384,[84 -64 4 0 0 0 0 0 0 0 0 0 9 -9 8 -9 10 -11 12 -10 11 -9 10 -7 11 -9 10 -8 11 -8 12 -7 14 -7 14 -7 13 -6 14 -6 11 -4 15 -7 13 -6 12 -5 13 -5 11 -6 12 -6 12 -6 12 -3 13 -5 15 -5 13 -6 0 0 13 -6 12 -7 13 -7 11 -6 13 -5 12 -7 12 -7 11 -7 12 -7 9 -8 10 -9 10 -6 11 -7 10 -8 10 -8 10 -10 12 -10 8 -9 9 -10 6 -11 9 -10 9 -10 9 -10 9 -11 9 -9 8 -10 0 0 0 0 0 0 0 0 0 0 ]
CSI_DATA,AP,3C:61:05:12:7D:CC,-56,11,1,0,1,1,1,0,0,0,0,-94,0,8,1,7824703,0,84,0,0,8.261079,384,[84 -64 4 0 0 0 0 0 0 0 0 0 3 12 2 12 3 13 1 15 1 13 0 12 1 14 0 12 1 12 -1 13 -2 15 -1 15 -3 15 -3 15 -4 12 -2 16 -3 13 -4 12 -3 13 -3 12 -3 12 -3 14 -5 11 -4 13 -5 14 -3 13 0 0 -3 13 -2 13 -4 14 -2 12 -4 13 -2 13 -2 14 -2 12 -2 14 1 11 0 13 -2 12 -2 12 0 12 0 12 1 13 -1 15 1 12 2 13 4 11 1 12 1 12 1 13 1 13 0 12 2 12 0 0 0 0 0 0 0 0 0 0 ]
CSI_DATA,AP,3C:61:05:12:7D:CC,-56,11,1,0,1,1,1,0,0,0,0,-94,0,8,1,7824978,0,84,0,0,8.299188,384,[84 -64 4 0 0 0 0 0 0 0 0 0 -13 -7 -13 -7 -15 -8 -15 -10 -13 -9 -12 -9 -13 -9 -12 -9 -12 -8 -12 -11 -13 -12 -14 -12 -12 -13 -12 -14 -9 -11 -14 -14 -10 -12 -10 -12 -11 -12 -10 -10 -10 -11 -11 -13 -8 -12 -10 -13 -11 -14 -11 -12 0 0 -12 -12 -12 -11 -12 -12 -12 -10 -10 -12 -12 -10 -13 -11 -11 -10 -13 -10 -13 -6 -14 -8 -11 -9 -12 -9 -13 -7 -13 -7 -14 -6 -16 -10 -13 -6 -15 -6 -14 -3 -14 -6 -14 -6 -15 -6 -15 -5 -13 -7 -14 -5 0 0 0 0 0 0 0 0 0 0 ]
CSI_DATA,AP,3C:61:05:12:7D:CC,-56,11,1,0,1,1,1,0,0,0,0,-94,0,8,1,7825271,0,84,0,0,8.346061,384,[84 -64 4 0 0 0 0 0 0 0 0 0 8 -12 7 -12 9 -14 11 -13 10 -12 10 -10 10 -11 9 -10 11 -11 11 -10 14 -11 14 -12 12 -10 13 -9 12 -8 15 -10 13 -8 13 -7 13 -8 10 -8 12 -8 13 -8 12 -6 14 -7 15 -9 13 -8 0 0 14 -9 12 -9 14 -10 11 -9 13 -7 12 -9 13 -9 11 -9 12 -10 8 -10 10 -11 10 -8 11 -9 10 -11 10 -10 9 -12 12 -13 8 -11 8 -12 6 -13 9 -12 9 -12 9 -12 9 -13 9 -11 8 -12 0 0 0 0 0 0 0 0 0 0 ]
CSI_DATA,AP,3C:61:05:12:7D:CC,-56,11,1,0,1,1,1,0,0,0,0,-94,0,8,1,7825555,0,84,0,0,8.387565,384,[84 -64 4 0 0 0 0 0 0 0 0 0 -7 -13 -7 -13 -8 -15 -7 -17 -6 -16 -4 -14 -6 -15 -4 -14 -5 -15 -3 -15 -3 -18 -4 -18 -3 -18 -1 -18 -1 -15 -3 -18 -2 -18 0 -15 -1 -16 -1 -15 -2 -16 -1 -16 1 -14 -1 -16 -1 -18 -2 -16 0 0 -2 -17 -3 -15 -2 -17 -3 -15 0 -15 -2 -16 -2 -17 -3 -15 -3 -16 -5 -13 -5 -15 -3 -14 -3 -15 -5 -14 -4 -14 -6 -15 -6 -18 -6 -13 -6 -14 -8 -12 -6 -14 -6 -15 -6 -14 -7 -15 -5 -14 -7 -13 0 0 0 0 0 0 0 0 0 0 ]
CSI_DATA,AP,3C:61:05:12:7D:CC,-56,11,1,0,1,1,1,0,0,0,0,-94,0,8,1,7825965,0,84,0,0,8.431904,384,[84 -64 4 0 0 0 0 0 0 0 0 0 -13 -5 -13 -6 -15 -7 -16 -9 -13 -9 -12 -9 -14 -8 -13 -7 -13 -9 -12 -10 -14 -12 -15 -11 -14 -11 -13 -13 -10 -11 -13 -12 -12 -12 -10 -12 -11 -12 -10 -10 -11 -11 -11 -12 -8 -11 -11 -12 -12 -13 -12 -11 0 0 -12 -12 -12 -10 -13 -12 -12 -10 -10 -12 -12 -10 -13 -11 -12 -10 -13 -10 -13 -6 -14 -8 -11 -9 -12 -9 -13 -8 -12 -8 -14 -7 -15 -10 -14 -6 -14 -6 -14 -3 -14 -6 -14 -7 -15 -6 -15 -6 -13 -7 -14 -5 0 0 0 0 0 0 0 0 0 0 ]
CSI_DATA,AP,3C:61:05:12:7D:CC,-56,11,1,0,1,1,1,0,0,0,0,-94,0,8,1,7826294,0,84,0,0,8.478790,384,[84 -64 4 0 0 0 0 0 0 0 0 0 9 -11 8 -11 10 -13 12 -12 11 -11 10 -8 11 -10 10 -10 12 -10 12 -9 14 -9 14 -10 14 -9 15 -8 12 -6 15 -9 14 -7 13 -6 13 -6 12 -7 13 -7 13 -6 13 -4 14 -6 16 -6 13 -7 0 0 14 -7 13 -8 14 -8 12 -8 14 -6 13 -8 14 -8 12 -8 13 -9 9 -10 11 -10 11 -7 12 -8 10 -10 11 -10 10 -11 13 -12 9 -11 9 -11 7 -12 10 -11 10 -11 10 -11 10 -12 10 -10 9 -11 0 0 0 0 0 0 0 0 0 0 ]
CSI_DATA,AP,3C:61:05:12:7D:CC,-56,11,1,0,1,1,1,0,0,0,0,-94,0,8,1,7826659,0,84,0,0,8.520371,384,[84 -64 4 0 0 0 0 0 0 0 0 0 6 12 7 12 7 14 6 16 5 14 3 13 4 15 4 13 3 14 2 14 2 17 2 17 1 16 1 17 0 14 2 17 0 16 -1 14 0 15 0 13 0 14 0 15 -2 13 -1 15 -1 17 0 15 0 0 0 15 1 15 1 17 2 14 -1 14 1 15 1 16 1 14 1 15 4 12 4 14 1 13 1 14 3 13 3 13 5 14 4 16 5 13 5 13 7 11 4 14 5 13 5 13 6 14 4 13 5 12 0 0 0 0 0 0 0 0 0 0 ]
CSI_DATA,AP,3C:61:05:12:7D:CC,-55,11,0,0,0,0,0,0,0,0,0,-94,0,8,1,7943761,0,84,0,0,8.556483,128,[84 -64 4 0 0 0 0 0 0 0 0 0 -9 15 -10 15 -10 16 -11 17 -11 15 -12 13 -12 14 -13 12 -13 13 -13 12 -14 15 -15 14 -14 14 -14 13 -13 11 -15 15 -14 11 -14 10 -14 11 -14 11 -14 11 -14 12 -13 9 -13 12 -14 13 -14 13 0 0 -13 13 -13 14 -12 14 -12 13 -11 12 -12 14 -12 14 -12 13 -11 14 -11 13 -11 15 -10 13 -10 14 -11 14 -11 14 -11 15 -10 16 -10 15 -10 15 -9 15 -10 14 -10 15 -9 15 -9 16 -9 15 -9 15 0 0 0 0 0 0 0 0 0 0 ]
CSI_DATA,AP,3C:61:05:12:7D:CC,-54,11,0,0,0,0,0,0,0,0,0,-94,0,8,1,8112673,0,84,0,0,8.600533,128,[84 -64 4 0 0 0 0 0 0 0 0 0 19 -10 19 -8 20 -9 22 -10 21 -7 19 -5 21 -6 20 -4 21 -5 21 -3 23 -5 24 -4 23 -4 22 -4 20 -2 24 -5 20 -2 20 -2 20 -2 20 -2 19 -2 21 -2 18 -1 20 -3 22 -4 21 -4 0 0 20 -5 21 -5 21 -6 20 -6 18 -4 19 -6 20 -6 18 -5 19 -8 19 -6 20 -7 17 -6 18 -8 19 -8 18 -7 18 -8 19 -10 18 -8 18 -9 17 -9 17 -9 18 -10 18 -10 18 -11 17 -10 17 -10 0 0 0 0 0 0 0 0 0 0 ]
CSI_DATA,AP,3C:61:05:12:7D:CC,-54,11,0,0,0,0,0,0,0,0,0,-94,0,8,1,8239657,0,84,0,0,8.641287,128,[84 -64 4 0 0 0 0 0 0 0 0 0 -3 21 -3 21 -3 22 -4 24 -4 21 -6 20 -5 21 -6 20 -6 21 -8 20 -8 22 -9 23 -9 22 -8 21 -8 19 -8 23 -9 19 -9 18 -8 19 -8 19 -7 18 -8 20 -8 16 -7 19 -7 21 -7 21 0 0 -5 20 -5 20 -5 21 -4 20 -4 18 -3 20 -3 20 -3 19 -1 20 -4 19 -3 21 -3 18 -2 19 -2 20 -2 19 -1 20 0 21 0 20 1 20 1 19 1 19 2 19 1 20 2 21 1 19 1 19 0 0 0 0 0 0 0 0 0 0 ]
CSI_DATA,AP,3C:61:05:12:7D:CC,-56,11,1,0,1,1,1,0,0,0,0,-94,0,8,1,8240247,0,84,0,0,8.680429,384,[84 -64 4 0 0 0 0 0 0 0 0 0 5 12 6 11 6 14 5 16 4 13 3 13 4 14 3 13 4 14 2 15 2 16 2 16 2 16 0 16 0 13 2 17 1 15 -1 14 0 15 0 13 0 14 1 15 -2 13 -1 15 -1 16 1 15 0 0 1 15 2 14 2 16 2 14 0 14 2 14 2 15 2 13 3 14 5 11 4 14 2 12 2 13 4 12 4 12 6 12 5 16 6 11 6 12 8 10 6 12 7 12 6 12 7 12 5 12 6 10 0 0 0 0 0 0 0 0 0 0 ]
CSI_DATA,AP,3C:61:05:12:7D:CC,-56,11,1,0,1,1,1,0,0,0,0,-94,0,8,1,8240585,0,84,0,0,8.716372,384,[84 -64 4 0 0 0 0 0 0 0 0 0 13 -1 13 -1 15 -2 17 1 14 1 13 2 15 1 13 1 14 2 14 3 16 4 16 3 16 4 15 6 13 5 16 5 15 5 12 5 13 6 12 4 13 5 14 5 11 6 13 6 15 7 14 5 0 0 14 5 14 4 15 5 13 3 13 6 14 4 14 4 13 3 14 3 12 0 14 1 12 3 13 3 13 1 12 1 14 0 16 1 13 -1 13 -1 12 -3 14 0 14 -1 13 -1 14 -1 13 0 13 -2 0 0 0 0 0 0 0 0 0 0 ]
CSI_DATA,AP,3C:61:05:12:7D:CC,-56,11,1,0,1,1,1,0,0,0,0,-94,0,8,1,8288864,0,84,0,0,8.752913,384,[84 -64 4 0 0 0 0 0 0 0 0 0 -8 -14 -9 -13 -10 -16 -8 -17 -8 -16 -5 -15 -6 -16 -6 -15 -6 -16 -4 -17 -4 -19 -5 -19 -4 -19 -2 -19 -1 -15 -4 -19 -2 -17 -1 -16 -2 -17 -2 -15 -2 -16 -2 -17 1 -15 -1 -18 -1 -19 -2 -17 0 0 -2 -18 -3 -17 -3 -18 -3 -16 -1 -16 -4 -17 -3 -18 -4 -16 -4 -17 -6 -14 -6 -16 -3 -14 -4 -15 -5 -15 -5 -14 -7 -15 -7 -18 -7 -13 -7 -14 -9 -12 -7 -14 -8 -14 -7 -14 -8 -15 -5 -14 -7 -13 0 0 0 0 0 0 0 0 0 0 ]
CSI_DATA,AP,3C:61:05:12:7D:CC,-56,11,1,0,1,1,1,0,0,0,0,-94,0,8,1,8289355,0,84,0,0,8.797444,384,[84 -64 4 0 0 0 0 0 0 0 0 0 12 4 12 5 14 6 14 8 12 7 11 7 13 8 11 7 11 8 10 9 12 11 13 10 12 10 11 11 8 9 12 11 10 11 9 11 9 11 9 9 9 10 9 11 7 10 9 12 10 13 10 10 0 0 10 11 10 9 11 11 10 9 9 11 11 9 11 10 10 8 11 9 10 5 12 8 9 8 9 8 11 6 10 7 12 6 13 8 12 5 12 5 12 3 12 5 12 5 12 5 13 5 11 5 11 4 0 0 0 0 0 0 0 0 0 0 ]
CSI_DATA,AP,3C:61:05:12:7D:CC,-56,11,1,0,1,1,1,0,0,0,0,-94,0,8,1,8325620,0,84,0,0,8.833695,384,[84 -64 4 0 0 0 0 0 0 0 0 0 -9 10 -9 10 -10 12 -12 11 -11 10 -11 8 -12 10 -11 8 -11 9 -13 8 -15 9 -14 10 -14 9 -15 7 -12 5 -15 9 -13 7 -13 6 -13 6 -12 7 -12 7 -13 8 -13 4 -14 7 -15 7 -13 7 0 0 -13 8 -13 9 -14 9 -11 9 -13 6 -12 9 -13 9 -11 8 -12 10 -9 10 -10 11 -10 8 -10 9 -9 10 -10 9 -8 11 -12 12 -8 11 -8 12 -5 11 -8 11 -8 11 -8 11 -8 12 -8 10 -7 11 0 0 0 0 0 0 0 0 0 0 ]
CSI_DATA,AP,3C:61:05:12:7D:CC,-53,11,1,0,0,1,1,0,0,0,0,-94,0,8,1,8325934,0,84,0,0,8.874441,256,[84 -64 4 0 0 0 0 0 0 0 0 0 4 -15 5 -15 5 -16 5 -17 6 -15 6 -14 7 -15 8 -13 8 -14 8 -14 8 -16 9 -16 8 -15 8 -15 8 -13 9 -15 9 -13 8 -12 8 -13 8 -13 8 -12 9 -13 7 -11 7 -13 8 -15 7 -14 0 0 7 -14 7 -14 6 -15 6 -14 6 -13 6 -14 5 -15 6 -14 5 -15 6 -14 5 -16 4 -13 4 -15 5 -15 5 -14 5 -15 4 -16 4 -15 4 -15 4 -15 4 -15 3 -15 3 -16 2 -16 3 -15 3 -15 0 0 0 0 0 0 0 0 0 0 ]
CSI_DATA,AP,3C:61:05:12:7D:CC,-55,11,0,0,0,0,0,0,0,0,0,-94,0,8,1,8620999,0,37,0,0,8.942616,128,[37 80 2 0 0 0 0 0 0 0 0 0 16 6 16 6 17 7 18 8 16 8 15 9 16 9 14 10 16 10 14 11 17 11 16 12 15 11 15 11 13 11 17 12 13 11 12 11 13 11 13 11 12 11 14 12 11 10 14 10 15 11 14 11 0 0 14 10 15 10 16 9 15 9 13 8 15 8 16 8 14 8 16 7 14 9 16 8 14 7 15 7 15 8 15 8 16 7 17 7 16 7 16 6 16 6 16 5 16 5 16 5 17 5 15 5 15 5 0 0 0 0 0 0 0 0 0 0 ]
CSI_DATA,AP,3C:61:05:12:7D:CC,-58,11,1,3,1,1,1,1,0,0,0,-94,4,8,1,8682541,0,84,0,0,9.4052,384,[84 -64 4 0 0 0 0 0 0 0 0 0 4 14 4 14 4 15 2 17 2 16 1 15 1 15 1 15 0 15 0 15 -1 16 -1 16 -1 16 -2 16 -2 15 -2 16 -2 15 -2 14 -2 15 -2 15 -2 15 -2 15 -3 14 -2 15 -2 16 -2 14 0 0 -2 15 -1 14 -1 15 0 14 -1 14 0 14 0 15 0 14 1 14 1 13 2 13 1 14 1 13 2 13 1 13 3 13 3 14 3 13 4 12 4 12 4 13 4 13 4 13 5 13 4 13 5 12 0 0 0 0 0 0 0 0 0 0 ]
CSI_DATA,AP,3C:61:05:12:7D:CC,-58,11,1,3,1,1,1,1,0,0,0,-94,4,8,1,8682541,0,84,0,0,9.31633,384,[84 -64 4 0 0 0 0 0 0 0 0 0 4 14 4 14 4 15 2 17 2 16 1 15 1 15 1 15 0 15 0 15 -1 16 -1 16 -1 16 -2 16 -2 15 -2 16 -2 15 -2 14 -2 15 -2 15 -2 15 -2 15 -3 14 -2 15 -2 16 -2 14 0 0 -2 15 -1 14 -1 15 0 14 -1 14 0 14 0 15 0 14 1 14 1 13 2 13 1 14 1 13 2 13 1 13 3 13 3 14 3 13 4 12 4 12 4 13 4 13 4 13 5 13 4 13 5 12 0 0 0 0 0 0 0 0 0 0 ]
CSI_DATA,AP,3C:61:05:12:7D:CC,-58,11,1,3,1,1,1,1,0,0,0,-94,4,8,1,8682541,0,84,0,0,9.68773,384,[84 -64 4 0 0 0 0 0 0 0 0 0 4 14 4 14 4 15 2 17 2 16 1 15 1 15 1 15 0 15 0 15 -1 16 -1 16 -1 16 -2 16 -2 15 -2 16 -2 15 -2 14 -2 15 -2 15 -2 15 -2 15 -3 14 -2 15 -2 16 -2 14 0 0 -2 15 -1 14 -1 15 0 14 -1 14 0 14 0 15 0 14 1 14 1 13 2 13 1 14 1 13 2 13 1 13 3 13 3 14 3 13 4 12 4 12 4 13 4 13 4 13 5 13 4 13 5 12 0 0 0 0 0 0 0 0 0 0 ]
CSI_DATA,AP,3C:61:05:12:7D:CC,-58,11,1,3,1,1,1,1,0,0,0,-94,4,8,1,8682541,0,84,0,0,9.106001,384,[84 -64 4 0 0 0 0 0 0 0 0 0 4 14 4 14 4 15 2 17 2 16 1 15 1 15 1 15 0 15 0 15 -1 16 -1 16 -1 16 -2 16 -2 15 -2 16 -2 15 -2 14 -2 15 -2 15 -2 15 -2 15 -3 14 -2 15 -2 16 -2 14 0 0 -2 15 -1 14 -1 15 0 14 -1 14 0 14 0 15 0 14 1 14 1 13 2 13 1 14 1 13 2 13 1 13 3 13 3 14 3 13 4 12 4 12 4 13 4 13 4 13 5 13 4 13 5 12 0 0 0 0 0 0 0 0 0 0 ]
CSI_DATA,AP,3C:61:05:12:7D:CC,-58,11,1,3,1,1,1,1,0,0,0,-94,1,8,1,8684193,0,84,0,0,9.143425,384,[84 -64 4 0 0 0 0 0 0 0 0 0 10 11 10 11 10 12 9 14 8 12 8 12 8 13 8 13 6 14 6 14 7 15 6 15 6 15 5 15 5 14 6 15 5 14 4 14 4 14 5 14 5 14 5 15 4 14 4 14 5 15 5 13 0 0 5 14 6 13 6 14 7 13 5 13 6 13 6 14 6 12 7 12 7 11 8 11 6 12 7 12 8 11 7 12 8 10 9 11 8 10 9 9 9 8 9 10 9 10 10 10 10 9 9 10 10 8 0 0 0 0 0 0 0 0 0 0 ]
CSI_DATA,AP,3C:61:05:12:7D:CC,-58,11,1,3,1,1,1,1,0,0,0,-94,1,8,1,8688879,0,84,0,0,9.179113,384,[84 -64 4 0 0 0 0 0 0 0 0 0 12 -9 12 -9 13 -9 15 -9 14 -8 14 -7 14 -7 14 -7 15 -6 15 -6 16 -5 16 -5 15 -5 16 -4 16 -4 16 -5 15 -4 15 -4 15 -3 15 -4 15 -4 15 -4 14 -3 15 -4 16 -4 14 -5 0 0 15 -5 14 -5 14 -5 14 -6 14 -4 14 -6 14 -6 13 -6 14 -6 12 -7 13 -7 13 -6 13 -7 12 -8 12 -7 12 -9 12 -8 10 -9 11 -9 9 -9 11 -9 11 -9 11 -9 11 -10 11 -9 10 -10 0 0 0 0 0 0 0 0 0 0 ]
CSI_DATA,AP,3C:61:05:12:7D:CC,-58,11,1,3,1,1,1,1,0,0,0,-94,1,8,1,8694733,0,84,0,0,9.219308,384,[84 -64 4 0 0 0 0 0 0 0 0 0 -6 -16 -5 -15 -5 -17 -4 -18 -3 -17 -2 -16 -2 -17 -2 -17 -1 -17 -1 -17 -1 -17 -1 -18 0 -18 0 -17 1 -17 1 -18 1 -17 1 -16 1 -16 1 -16 1 -17 2 -16 2 -15 1 -16 1 -17 0 -16 0 0 1 -16 0 -16 0 -17 0 -15 1 -15 0 -16 0 -16 0 -15 0 -16 -2 -15 -3 -15 -1 -14 -2 -15 -2 -15 -1 -15 -3 -15 -3 -15 -4 -14 -4 -14 -4 -14 -3 -15 -3 -15 -5 -15 -6 -14 -5 -15 -5 -13 0 0 0 0 0 0 0 0 0 0 ]
CSI_DATA,AP,3C:61:05:12:7D:CC,-58,11,1,3,1,1,1,1,0,0,0,-94,1,8,1,8699772,0,84,0,0,9.261928,384,[84 -64 4 0 0 0 0 0 0 0 0 0 -10 9 -11 9 -11 9 -13 9 -13 9 -13 8 -12 8 -13 8 -13 8 -13 7 -14 7 -15 7 -14 6 -15 6 -14 5 -15 6 -14 6 -13 5 -13 5 -14 5 -14 5 -14 6 -13 4 -14 5 -15 5 -13 6 0 0 -13 6 -13 6 -13 7 -12 7 -13 6 -12 7 -13 7 -11 7 -12 8 -10 8 -11 8 -11 7 -11 8 -10 8 -11 8 -10 9 -11 10 -9 9 -9 9 -7 10 -9 10 -9 9 -9 10 -8 10 -9 9 -7 10 0 0 0 0 0 0 0 0 0 0 ]
CSI_DATA,AP,3C:61:05:12:7D:CC,-58,11,1,3,1,1,1,1,0,0,0,-94,1,8,1,8705705,0,84,0,0,9.301778,384,[84 -64 4 0 0 0 0 0 0 0 0 0 -15 -7 -15 -7 -15 -8 -16 -10 -15 -9 -13 -9 -14 -9 -13 -9 -13 -11 -13 -11 -14 -12 -14 -12 -13 -13 -12 -13 -12 -13 -13 -13 -12 -13 -10 -12 -11 -13 -11 -13 -11 -12 -11 -13 -10 -12 -11 -13 -11 -14 -11 -11 0 0 -11 -12 -11 -12 -12 -12 -12 -10 -10 -12 -12 -11 -12 -12 -11 -11 -12 -10 -12 -8 -12 -9 -11 -10 -12 -10 -13 -9 -12 -9 -13 -9 -13 -9 -13 -7 -13 -8 -13 -6 -14 -8 -13 -8 -14 -8 -13 -6 -13 -8 -13 -6 0 0 0 0 0 0 0 0 0 0 ]
CSI_DATA,AP,3C:61:05:12:7D:CC,-58,11,1,3,1,1,1,1,0,0,0,-94,1,8,1,8711617,0,84,0,0,9.348987,384,[84 -64 4 0 0 0 0 0 0 0 0 0 -9 -14 -9 -14 -9 -15 -8 -17 -7 -16 -6 -15 -6 -16 -6 -15 -5 -17 -5 -17 -5 -17 -5 -18 -5 -18 -4 -18 -3 -17 -4 -18 -3 -16 -4 -16 -3 -16 -3 -16 -3 -17 -3 -17 -3 -16 -4 -16 -4 -17 -4 -16 0 0 -4 -16 -4 -16 -5 -15 -5 -15 -4 -15 -5 -16 -5 -16 -5 -15 -6 -15 -7 -13 -7 -13 -6 -14 -7 -14 -7 -14 -7 -14 -8 -13 -9 -14 -8 -12 -8 -12 -9 -11 -8 -13 -9 -13 -10 -12 -10 -12 -10 -12 -10 -11 0 0 0 0 0 0 0 0 0 0 ]
CSI_DATA,AP,3C:61:05:12:7D:CC,-58,11,1,3,1,1,1,1,0,0,0,-94,1,8,1,8716652,0,84,0,0,9.393950,384,[84 -64 4 0 0 0 0 0 0 0 0 0 16 -4 15 -3 16 -3 17 -2 17 -1 15 -1 16 -1 16 -1 16 1 17 1 17 1 18 1 16 1 17 2 16 2 17 2 16 2 15 2 15 3 15 2 15 2 15 3 14 3 15 3 16 3 15 2 0 0 16 2 15 1 16 1 15 0 14 2 15 0 15 1 14 0 15 -1 13 -2 14 -2 14 -1 14 -1 14 -2 14 -2 14 -3 15 -3 13 -4 13 -4 12 -5 14 -4 14 -4 14 -5 13 -5 14 -5 13 -6 0 0 0 0 0 0 0 0 0 0 ]
CSI_DATA,AP,3C:61:05:12:7D:CC,-58,11,1,3,1,1,1,1,0,0,0,-94,1,8,1,8722002,0,84,0,0,9.431804,384,[84 -64 4 0 0 0 0 0 0 0 0 0 -1 -15 -1 -15 0 -15 1 -17 1 -15 2 -15 2 -15 2 -15 3 -15 3 -15 4 -16 4 -16 3 -15 5 -16 5 -15 5 -15 5 -14 4 -14 5 -14 5 -14 5 -14 5 -14 5 -13 4 -14 5 -15 4 -14 0 0 4 -14 4 -14 4 -14 3 -13 4 -13 4 -14 4 -14 3 -14 2 -14 1 -13 1 -14 1 -13 1 -14 1 -14 1 -13 0 -14 0 -15 -1 -13 0 -13 -2 -13 0 -14 0 -14 -1 -14 -2 -14 -1 -14 -2 -13 0 0 0 0 0 0 0 0 0 0 ]
CSI_DATA,AP,3C:61:05:12:7D:CC,-58,11,1,4,1,1,1,0,0,0,0,-94,0,8,1,8830599,0,84,0,0,9.472637,384,[84 -64 4 0 0 0 0 0 0 0 0 0 -10 11 -11 12 -12 12 -13 11 -12 10 -13 9 -13 9 -13 9 -14 9 -14 9 -15 9 -15 9 -15 8 -15 8 -15 7 -16 8 -15 7 -14 6 -15 6 -14 6 -15 6 -15 6 -14 6 -14 6 -15 7 -14 7 0 0 -14 7 -14 7 -14 8 -13 7 -14 6 -13 7 -14 7 -13 8 -13 8 -11 9 -12 9 -12 8 -11 8 -11 9 -12 8 -11 10 -12 10 -10 10 -10 10 -9 10 -10 10 -10 10 -10 11 -9 11 -10 11 -9 10 0 0 0 0 0 0 0 0 0 0 ]
CSI_DATA,AP,3C:61:05:12:7D:CC,-54,11,0,0,0,0,0,0,0,0,0,-94,0,8,1,8859308,0,84,0,0,9.513780,128,[84 -64 4 0 0 0 0 0 0 0 0 0 -14 -14 -13 -15 -13 -16 -15 -17 -11 -16 -10 -16 -10 -17 -9 -17 -10 -18 -9 -18 -11 -18 -11 -19 -10 -19 -10 -18 -8 -18 -10 -19 -8 -19 -6 -17 -7 -18 -7 -18 -7 -18 -7 -19 -6 -15 -9 -17 -10 -18 -10 -18 0 0 -10 -17 -10 -17 -11 -18 -10 -16 -9 -15 -10 -16 -10 -17 -10 -16 -11 -16 -10 -16 -13 -16 -10 -14 -12 -15 -12 -16 -11 -15 -12 -16 -13 -15 -12 -15 -12 -15 -12 -14 -12 -15 -12 -15 -13 -14 -14 -14 -13 -14 -13 -14 0 0 0 0 0 0 0 0 0 0 ]
CSI_DATA,AP,3C:61:05:12:7D:CC,-54,11,0,0,0,0,0,0,0,0,0,-94,0,8,1,8899680,0,84,0,0,9.561877,128,[84 -64 4 0 0 0 0 0 0 0 0 0 -17 -9 -16 -10 -18 -11 -19 -11 -17 -12 -15 -12 -16 -13 -14 -13 -15 -13 -14 -14 -16 -15 -16 -16 -15 -15 -15 -14 -13 -14 -16 -15 -13 -14 -12 -14 -13 -14 -13 -14 -12 -14 -14 -15 -11 -13 -13 -14 -15 -14 -15 -14 0 0 -15 -13 -15 -13 -16 -12 -15 -12 -14 -12 -15 -12 -16 -12 -14 -12 -16 -11 -15 -12 -17 -12 -14 -10 -16 -10 -16 -11 -16 -11 -17 -10 -18 -10 -16 -10 -16 -10 -16 -9 -16 -9 -17 -9 -17 -9 -18 -9 -17 -8 -16 -8 0 0 0 0 0 0 0 0 0 0 ]
CSI_DATA,AP,3C:61:05:12:7D:CC,-54,11,0,0,0,0,0,0,0,0,0,-94,0,8,1,8947560,0,84,0,0,9.610311,128,[84 -64 4 0 0 0 0 0 0 0 0 0 16 -8 17 -8 18 -8 20 -8 18 -6 17 -5 18 -5 18 -4 19 -4 18 -4 20 -5 21 -4 20 -4 19 -4 18 -3 21 -4 19 -2 17 -1 18 -2 18 -2 18 -2 19 -1 15 -1 18 -4 19 -4 19 -4 0 0 18 -4 19 -4 19 -5 18 -5 17 -4 18 -5 18 -5 17 -4 17 -6 17 -5 18 -7 16 -6 16 -7 18 -6 17 -6 18 -6 18 -8 17 -7 17 -6 16 -7 17 -7 17 -7 16 -8 17 -9 16 -8 16 -8 0 0 0 0 0 0 0 0 0 0 ]
CSI_DATA,AP,3C:61:05:12:7D:CC,-56,11,1,2,1,1,1,0,0,0,0,-94,0,8,1,8981888,0,84,0,0,9.650404,384,[84 -64 4 0 0 0 0 0 0 0 0 0 1 15 1 14 1 16 0 17 0 16 -1 14 0 16 -1 15 -1 16 -3 16 -4 17 -4 17 -4 17 -5 16 -5 15 -4 18 -5 15 -5 14 -4 15 -4 15 -4 14 -4 16 -6 14 -6 14 -6 16 -4 15 0 0 -4 15 -3 16 -3 16 -2 15 -4 14 -2 15 -2 16 -2 14 -2 16 0 14 -1 15 -2 13 -1 14 1 14 0 14 1 14 0 17 2 13 3 14 4 12 2 14 3 14 2 15 3 14 1 14 3 13 0 0 0 0 0 0 0 0 0 0 ]
CSI_DATA,AP,3C:61:05:12:7D:CC,-55,11,0,0,0,0,0,0,0,0,0,-94,0,8,1,9035264,0,84,0,0,9.688781,128,[84 -64 4 0 0 0 0 0 0 0 0 0 -5 17 -6 17 -6 18 -7 19 -7 16 -8 15 -9 16 -9 15 -10 16 -10 15 -10 18 -10 18 -10 17 -10 16 -10 15 -11 18 -11 14 -11 13 -11 14 -11 14 -11 14 -11 15 -10 12 -9 15 -9 17 -9 16 0 0 -9 16 -9 17 -9 17 -8 16 -8 14 -8 16 -8 16 -8 15 -7 16 -8 15 -7 18 -6 15 -6 16 -7 17 -7 16 -6 17 -6 18 -6 17 -6 16 -5 16 -5 17 -5 17 -4 17 -3 18 -4 16 -4 16 0 0 0 0 0 0 0 0 0 0 ]
CSI_DATA,AP,3C:61:05:12:7D:CC,-54,11,0,0,0,0,0,0,0,0,0,-94,0,8,1,9077096,0,84,0,0,9.730180,128,[84 -64 4 0 0 0 0 0 0 0 0 0 11 17 9 17 11 19 11 20 10 19 7 19 8 20 6 19 6 20 5 21 7 22 6 23 6 22 6 21 5 19 7 23 5 20 4 19 4 20 5 20 4 19 5 20 3 18 6 19 7 21 7 20 0 0 8 19 8 20 9 19 9 18 7 17 9 18 9 19 8 17 10 17 8 17 11 18 9 16 11 16 10 17 10 17 11 17 13 17 11 16 12 16 12 15 12 15 12 15 12 15 14 15 12 14 13 14 0 0 0 0 0 0 0 0 0 0 ]
CSI_DATA,AP,3C:61:05:12:7D:CC,-57,11,1,2,1,1,1,0,0,0,0,-94,0,8,1,9113963,0,84,0,0,9.767505,384,[84 -64 4 0 0 0 0 0 0 0 0 0 6 -13 6 -13 7 -14 9 -14 8 -13 8 -11 9 -12 9 -12 9 -12 10 -12 12 -12 12 -12 11 -12 12 -11 12 -10 13 -13 12 -10 11 -10 11 -10 11 -10 11 -10 12 -11 11 -8 12 -9 13 -11 11 -10 0 0 11 -11 10 -11 11 -12 10 -11 11 -9 10 -12 11 -12 9 -10 9 -12 7 -11 9 -12 9 -10 9 -11 8 -12 8 -12 7 -13 9 -14 5 -12 6 -13 4 -13 6 -13 6 -13 6 -13 5 -13 7 -13 5 -13 0 0 0 0 0 0 0 0 0 0 ]
CSI_DATA,AP,3C:61:05:12:7D:CC,-54,11,0,0,0,0,0,0,0,0,0,-94,0,8,1,9153449,0,84,0,0,9.809429,128,[84 -64 4 0 0 0 0 0 0 0 0 0 20 5 20 6 21 6 23 7 20 7 19 8 19 9 18 9 19 10 18 10 21 10 21 12 20 11 19 11 18 11 21 11 18 12 16 11 17 11 17 11 16 11 18 12 14 10 17 10 20 10 19 10 0 0 19 9 19 9 21 8 19 7 17 8 19 7 20 7 18 7 20 6 18 7 21 7 17 6 19 5 20 6 18 6 20 5 21 4 20 5 20 4 20 4 19 4 20 3 20 3 21 2 19 3 19 2 0 0 0 0 0 0 0 0 0 0 ]
CSI_DATA,AP,3C:61:05:12:7D:CC,-58,11,1,4,1,1,1,0,0,0,0,-94,0,8,1,9154039,0,84,0,0,9.846592,384,[84 -64 4 0 0 0 0 0 0 0 0 0 13 1 14 2 14 2 15 4 14 4 14 4 14 4 14 5 14 5 14 5 14 6 14 6 14 6 14 7 13 7 15 7 13 7 12 7 13 7 12 7 13 8 13 8 12 8 13 7 13 7 13 6 0 0 13 6 13 6 14 6 13 5 12 7 13 6 13 6 13 5 13 5 13 3 13 3 12 4 13 4 13 3 13 4 14 2 14 3 13 1 13 2 13 0 14 2 13 2 14 2 14 0 14 1 13 0 0 0 0 0 0 0 0 0 0 0 ]
CSI_DATA,AP,3C:61:05:12:7D:CC,-54,11,0,0,0,0,0,0,0,0,0,-94,0,8,1,9195006,0,84,0,0,9.882173,128,[84 -64 4 0 0 0 0 0 0 0 0 0 -12 -14 -11 -15 -12 -16 -13 -17 -11 -17 -10 -16 -10 -17 -8 -17 -9 -18 -8 -18 -10 -20 -10 -20 -9 -19 -9 -18 -8 -17 -10 -19 -7 -18 -7 -18 -7 -18 -8 -18 -7 -17 -8 -18 -6 -16 -9 -17 -10 -19 -9 -18 0 0 -10 -17 -11 -17 -12 -17 -11 -16 -10 -15 -12 -16 -12 -16 -11 -15 -13 -15 -11 -15 -13 -16 -11 -14 -12 -14 -12 -16 -12 -15 -13 -15 -15 -15 -14 -14 -13 -14 -14 -13 -14 -14 -14 -13 -14 -13 -16 -13 -14 -13 -14 -12 0 0 0 0 0 0 0 0 0 0 ]
CSI_DATA,AP,3C:61:05:12:7D:CC,-54,11,0,0,0,0,0,0,0,0,0,-94,0,8,1,9302945,0,84,0,0,9.930047,128,[84 -64 4 0 0 0 0 0 0 0 0 0 3 17 2 17 2 18 2 20 1 18 0 17 0 18 -2 17 -2 18 -2 18 -2 21 -2 21 -2 20 -2 19 -3 17 -2 21 -4 18 -4 17 -4 18 -3 18 -3 17 -4 19 -4 15 -2 18 -2 20 -2 19 0 0 -1 18 -1 19 0 19 -1 18 -1 17 0 18 0 19 -1 17 1 18 0 18 2 20 1 17 2 18 1 19 1 18 2 19 3 20 2 19 2 18 3 18 3 18 3 18 4 18 5 19 4 18 4 18 0 0 0 0 0 0 0 0 0 0 ]
CSI_DATA,AP,3C:61:05:12:7D:CC,-55,11,0,0,0,0,0,0,0,0,0,-94,0,8,1,9331988,0,84,0,0,9.967678,128,[84 -64 4 0 0 0 0 0 0 0 0 0 13 9 13 10 15 11 15 11 14 11 12 11 13 12 11 12 13 12 11 14 13 14 13 15 12 14 11 14 10 13 14 15 10 14 10 14 10 13 11 13 10 13 12 14 9 12 11 13 13 14 12 14 0 0 13 12 13 13 13 12 13 12 12 11 14 11 14 11 13 11 15 10 13 12 14 12 12 10 14 10 14 11 14 10 15 10 17 10 15 10 16 9 16 9 15 9 16 8 16 9 17 9 15 9 15 8 0 0 0 0 0 0 0 0 0 0 ]
CSI_DATA,AP,3C:61:05:12:7D:CC,-55,11,0,0,0,0,0,0,0,0,0,-94,0,8,1,9371587,0,84,0,0,10.6905,128,[84 -64 4 0 0 0 0 0 0 0 0 0 -8 17 -9 16 -10 18 -11 19 -11 17 -11 15 -13 16 -13 14 -13 15 -14 15 -14 17 -16 17 -15 16 -14 15 -14 14 -15 17 -15 13 -14 13 -14 13 -15 13 -14 13 -15 14 -14 11 -14 14 -15 16 -14 15 0 0 -13 16 -14 16 -13 17 -12 16 -12 14 -12 16 -12 16 -12 15 -11 17 -12 15 -12 18 -11 15 -10 16 -12 17 -11 16 -11 18 -11 19 -11 17 -10 17 -10 17 -10 17 -10 18 -9 18 -9 19 -9 17 -9 17 0 0 0 0 0 0 0 0 0 0 ]
CSI_DATA,AP,3C:61:05:12:7D:CC,-54,11,0,0,0,0,0,0,0,0,0,-94,0,8,1,9412112,0,84,0,0,10.50915,128,[84 -64 4 0 0 0 0 0 0 0 0 0 18 -11 18 -10 20 -11 21 -11 20 -10 19 -7 20 -8 20 -6 21 -7 21 -6 22 -8 23 -7 22 -7 21 -6 20 -5 24 -7 21 -4 20 -3 20 -4 20 -5 20 -4 21 -5 18 -3 20 -5 21 -7 21 -6 0 0 20 -7 21 -7 21 -8 19 -7 18 -6 20 -8 20 -9 18 -7 19 -9 19 -8 20 -9 17 -8 18 -9 19 -9 19 -8 19 -10 19 -11 18 -10 18 -10 18 -11 17 -11 18 -11 17 -12 18 -13 17 -11 17 -11 0 0 0 0 0 0 0 0 0 0 ]
CSI_DATA,AP,3C:61:05:12:7D:CC,-54,11,0,0,0,0,0,0,0,0,0,-94,0,8,1,9452356,0,84,0,0,10.92413,128,[84 -64 4 0 0 0 0 0 0 0 0 0 -5 -21 -3 -21 -4 -23 -4 -24 -2 -23 -1 -21 -1 -22 1 -20 0 -22 1 -22 0 -24 1 -24 1 -23 1 -22 2 -20 1 -24 2 -20 2 -20 2 -20 2 -20 2 -20 2 -21 3 -18 1 -20 0 -22 0 -22 0 0 -1 -21 -1 -22 -2 -22 -2 -21 -1 -19 -2 -21 -3 -21 -2 -20 -4 -21 -2 -20 -3 -22 -3 -19 -4 -20 -4 -21 -4 -20 -4 -21 -6 -22 -5 -21 -5 -21 -5 -20 -6 -20 -6 -20 -6 -20 -7 -21 -6 -20 -6 -20 0 0 0 0 0 0 0 0 0 0 ]
CSI_DATA,AP,3C:61:05:12:7D:CC,-57,11,1,2,1,1,1,0,0,0,0,-94,0,8,1,9494645,0,84,0,0,10.135392,384,[84 -64 4 0 0 0 0 0 0 0 0 0 1 -15 0 -15 1 -16 2 -18 2 -16 3 -15 3 -16 3 -15 3 -15 4 -15 6 -16 6 -16 5 -16 6 -15 6 -13 6 -16 6 -14 6 -12 6 -14 5 -14 6 -14 6 -14 6 -12 6 -13 7 -15 5 -14 0 0 5 -14 5 -14 5 -15 4 -14 6 -13 4 -15 4 -15 3 -14 3 -15 1 -13 3 -14 4 -13 4 -14 2 -15 3 -14 1 -14 2 -16 0 -14 0 -14 -2 -13 1 -15 0 -15 0 -15 0 -15 1 -15 0 -14 0 0 0 0 0 0 0 0 0 0 ]
CSI_DATA,AP,3C:61:05:12:7D:CC,-54,11,0,0,0,0,0,0,0,0,0,-94,0,8,1,9529603,0,84,0,0,10.175661,128,[84 -64 4 0 0 0 0 0 0 0 0 0 5 20 5 20 5 21 6 23 3 21 2 20 2 21 1 20 2 21 0 21 1 23 1 24 1 23 1 21 0 20 2 23 0 21 -1 19 0 20 0 20 0 19 0 21 -1 17 1 20 2 22 2 21 0 0 3 20 3 21 4 21 4 19 3 18 5 19 5 20 4 19 6 19 4 19 6 21 5 18 6 18 6 20 6 19 7 20 8 20 8 20 8 19 9 18 8 19 9 19 9 19 11 19 9 18 9 18 0 0 0 0 0 0 0 0 0 0 ]
CSI_DATA,AP,3C:61:05:12:7D:CC,-55,11,1,2,1,1,1,0,0,0,0,-94,0,8,1,9897127,0,84,0,0,10.221295,384,[84 -64 4 0 0 0 0 0 0 0 0 0 -6 -16 -6 -15 -6 -17 -5 -18 -4 -17 -3 -16 -3 -16 -3 -16 -3 -17 -2 -17 -1 -18 -1 -18 -1 -18 1 -18 1 -17 -1 -19 0 -17 1 -16 0 -16 0 -16 0 -16 0 -17 2 -15 1 -16 2 -18 0 -16 0 0 0 -17 -1 -16 -1 -17 -2 -15 0 -16 -1 -16 -1 -17 -2 -15 -2 -16 -4 -14 -3 -15 -2 -14 -3 -15 -4 -15 -3 -15 -5 -15 -5 -17 -6 -14 -5 -14 -7 -13 -5 -15 -5 -15 -6 -15 -7 -15 -5 -15 -7 -14 0 0 0 0 0 0 0 0 0 0 ]
CSI_DATA,AP,3C:61:05:12:7D:CC,-56,11,1,4,1,1,1,0,0,0,0,-94,0,8,1,9897820,0,84,0,0,10.255181,384,[84 -64 4 0 0 0 0 0 0 0 0 0 -4 15 -5 15 -5 16 -7 16 -7 15 -7 14 -8 15 -8 14 -8 14 -9 14 -9 14 -10 14 -10 14 -10 13 -10 13 -11 14 -10 12 -10 12 -10 12 -10 12 -10 12 -10 12 -10 11 -10 12 -11 13 -9 12 0 0 -9 12 -9 13 -9 13 -8 12 -9 12 -8 13 -8 13 -7 12 -7 13 -5 12 -6 13 -6 12 -6 13 -5 14 -6 13 -5 14 -6 15 -4 14 -4 14 -3 13 -4 15 -4 14 -4 14 -3 14 -4 14 -3 14 0 0 0 0 0 0 0 0 0 0 ]
CSI_DATA,AP,3C:61:05:12:7D:CC,-57,11,1,4,1,1,1,0,0,0,0,-94,0,8,1,9898065,0,84,0,0,10.296500,384,[84 -64 4 0 0 0 0 0 0 0 0 0 14 -8 14 -7 15 -7 16 -6 16 -6 15 -5 15 -5 15 -4 15 -3 16 -4 17 -3 17 -3 16 -2 16 -2 15 -1 17 -2 15 -2 15 -1 15 -1 15 -1 15 -1 15 0 15 0 15 -1 16 -1 15 -2 0 0 15 -1 15 -2 15 -2 15 -3 14 -1 15 -2 15 -2 14 -3 14 -3 13 -5 14 -5 13 -4 14 -4 13 -5 14 -4 14 -6 14 -5 12 -6 13 -6 12 -7 13 -6 13 -6 14 -7 13 -8 13 -7 12 -8 0 0 0 0 0 0 0 0 0 0 ]
CSI_DATA,AP,3C:61:05:12:7D:CC,-54,11,1,2,0,1,1,0,0,0,0,-94,0,8,1,9899953,0,84,0,0,10.336515,256,[84 -64 4 0 0 0 0 0 0 0 0 0 20 7 20 9 21 8 21 10 19 10 19 11 19 11 18 11 19 12 17 12 19 13 19 14 18 13 17 13 17 13 18 14 16 13 15 13 16 13 16 12 16 12 16 13 14 12 16 12 17 12 17 12 0 0 17 11 17 11 17 10 17 10 16 9 17 9 18 9 17 8 18 8 17 8 18 8 17 8 18 7 19 8 18 7 19 7 19 6 19 7 19 6 19 5 19 5 20 5 20 5 21 4 20 4 20 4 0 0 0 0 0 0 0 0 0 0 ]
CSI_DATA,AP,3C:61:05:12:7D:CC,-57,11,1,4,1,1,1,0,0,0,0,-94,0,8,1,9902527,0,84,0,0,10.374573,384,[84 -64 4 0 0 0 0 0 0 0 0 0 -16 4 -15 3 -16 3 -17 2 -16 1 -16 0 -16 0 -16 -1 -16 -1 -16 -2 -17 -1 -17 -2 -16 -2 -17 -3 -15 -3 -17 -3 -15 -3 -15 -3 -15 -3 -15 -3 -15 -4 -16 -4 -15 -4 -15 -4 -16 -4 -15 -3 0 0 -15 -3 -15 -2 -15 -2 -15 -1 -14 -3 -15 -2 -15 -2 -15 -2 -15 -1 -14 0 -15 0 -14 -1 -15 0 -15 0 -14 0 -14 1 -16 1 -14 2 -14 2 -14 2 -15 2 -15 1 -15 2 -15 3 -15 2 -14 3 0 0 0 0 0 0 0 0 0 0 ]
CSI_DATA,AP,3C:61:05:12:7D:CC,-57,11,1,4,1,1,1,0,0,0,0,-94,0,8,1,9902880,0,84,0,0,10.417256,384,[84 -64 4 0 0 0 0 0 0 0 0 0 11 10 10 10 11 11 10 12 11 12 9 12 9 12 8 12 8 12 8 13 8 14 8 14 7 14 6 14 6 14 8 14 6 13 6 13 6 13 6 13 5 13 6 14 4 13 6 13 6 14 6 13 0 0 6 13 7 13 7 13 7 12 6 12 7 12 7 13 7 12 8 11 8 10 8 11 7 11 8 11 8 10 8 11 9 10 10 11 9 9 9 9 10 8 10 10 10 9 11 10 11 9 10 10 11 8 0 0 0 0 0 0 0 0 0 0 ]
CSI_DATA,AP,3C:61:05:12:7D:CC,-57,11,1,4,1,1,1,0,0,0,0,-94,0,8,1,9903080,0,84,0,0,10.453529,384,[84 -64 4 0 0 0 0 0 0 0 0 0 -4 15 -4 14 -5 16 -6 15 -6 15 -6 13 -7 14 -7 14 -8 13 -8 14 -8 14 -8 14 -9 13 -9 13 -9 12 -10 14 -9 12 -9 12 -9 11 -9 11 -9 12 -9 12 -9 11 -9 12 -9 13 -8 12 0 0 -8 12 -8 13 -8 12 -7 13 -8 11 -7 12 -8 13 -7 12 -6 12 -5 13 -4 13 -5 12 -5 13 -4 13 -5 13 -4 13 -4 14 -3 13 -3 13 -2 13 -3 14 -3 13 -2 14 -1 14 -2 14 -1 13 0 0 0 0 0 0 0 0 0 0 ]
CSI_DATA,AP,3C:61:05:12:7D:CC,-57,11,1,4,1,1,1,0,0,0,0,-94,0,8,1,9903343,0,84,0,0,10.493818,384,[84 -64 4 0 0 0 0 0 0 0 0 0 13 -8 13 -8 14 -8 15 -7 15 -7 14 -6 14 -6 14 -6 15 -5 15 -4 15 -4 15 -5 15 -4 16 -3 15 -2 16 -3 15 -2 14 -3 14 -3 14 -3 15 -3 15 -2 14 -2 14 -3 15 -3 14 -4 0 0 14 -3 14 -4 14 -4 14 -4 14 -3 14 -4 14 -4 13 -5 13 -5 12 -6 13 -6 13 -5 13 -6 12 -7 12 -6 12 -7 13 -8 11 -7 11 -8 10 -8 12 -8 12 -8 12 -9 11 -9 12 -8 11 -9 0 0 0 0 0 0 0 0 0 0 ]
CSI_DATA,AP,3C:61:05:12:7D:CC,-57,11,1,4,1,1,1,0,0,0,0,-94,0,8,1,9903678,0,84,0,0,10.533991,384,[84 -64 4 0 0 0 0 0 0 0 0 0 -14 -7 -14 -7 -15 -9 -15 -10 -13 -9 -13 -10 -12 -10 -12 -10 -12 -11 -12 -11 -12 -12 -12 -13 -12 -12 -11 -13 -10 -13 -11 -13 -10 -12 -9 -12 -10 -12 -10 -12 -10 -12 -10 -13 -8 -12 -9 -12 -10 -13 -10 -11 0 0 -10 -12 -10 -12 -10 -12 -10 -11 -9 -12 -10 -11 -11 -11 -11 -10 -11 -11 -11 -9 -12 -9 -10 -10 -11 -10 -12 -9 -11 -9 -12 -9 -12 -10 -12 -8 -12 -8 -12 -7 -12 -8 -12 -9 -13 -8 -13 -8 -13 -9 -13 -7 0 0 0 0 0 0 0 0 0 0 ]
CSI_DATA,AP,3C:61:05:12:7D:CC,-55,11,0,0,0,0,0,0,0,0,0,-94,0,8,1,9945422,0,84,0,0,10.581318,128,[84 -64 4 0 0 0 0 0 0 0 0 0 16 12 16 14 16 15 17 16 14 15 13 15 13 16 11 16 12 17 11 17 14 18 13 20 13 18 12 18 10 17 13 19 10 18 9 16 9 17 9 16 9 17 10 18 7 15 11 15 12 17 12 17 0 0 12 16 12 16 13 16 12 15 10 14 12 15 13 15 11 15 13 14 11 15 14 15 12 13 13 13 14 14 12 14 14 14 15 14 14 13 14 13 14 13 14 13 15 13 15 12 16 12 14 12 14 11 0 0 0 0 0 0 0 0 0 0 ]
CSI_DATA,AP,3C:61:05:12:7D:CC,-54,11,0,0,0,0,0,0,0,0,0,-94,0,8,1,9976765,0,84,0,0,10.621061,128,[84 -64 4 0 0 0 0 0 0 0 0 0 -18 -15 -17 -15 -18 -17 -19 -17 -17 -17 -15 -17 -16 -17 -14 -17 -15 -18 -13 -19 -15 -20 -14 -21 -14 -20 -13 -19 -12 -18 -15 -20 -11 -19 -11 -18 -11 -18 -12 -18 -11 -17 -13 -18 -9 -16 -12 -18 -13 -19 -13 -18 0 0 -14 -16 -14 -17 -15 -16 -14 -16 -13 -15 -15 -15 -16 -15 -14 -14 -16 -14 -14 -15 -16 -15 -14 -14 -15 -13 -15 -14 -15 -14 -16 -13 -18 -14 -16 -13 -17 -13 -17 -12 -16 -12 -17 -12 -17 -12 -18 -12 -16 -12 -17 -11 0 0 0 0 0 0 0 0 0 0 ]
CSI_DATA,AP,3C:61:05:12:7D:CC,-55,11,0,0,0,0,0,0,0,0,0,-94,0,8,1,10017780,0,84,0,0,10.670195,128,[84 -64 4 0 0 0 0 0 0 0 0 0 17 -16 17 -14 19 -15 20 -16 19 -13 19 -11 19 -11 19 -10 20 -11 20 -10 21 -12 22 -11 20 -11 20 -10 19 -9 22 -11 19 -8 18 -7 19 -7 18 -8 18 -8 19 -8 16 -7 17 -9 18 -11 18 -10 0 0 17 -11 17 -11 17 -12 16 -11 15 -10 16 -11 16 -12 15 -11 15 -13 15 -11 15 -14 13 -12 14 -13 15 -13 14 -13 14 -14 14 -16 13 -14 13 -14 13 -14 13 -14 13 -15 12 -15 12 -17 11 -15 11 -15 0 0 0 0 0 0 0 0 0 0 ]
CSI_DATA,AP,3C:61:05:12:7D:CC,-55,11,0,0,0,0,0,0,0,0,0,-94,0,8,1,10058901,0,84,0,0,10.714208,128,[84 -64 4 0 0 0 0 0 0 0 0 0 10 -17 12 -16 12 -18 13 -18 13 -16 13 -14 14 -15 14 -14 14 -15 16 -13 16 -15 17 -15 16 -14 15 -13 14 -12 16 -15 15 -12 15 -11 15 -12 14 -12 14 -12 15 -13 13 -10 14 -12 15 -14 14 -14 0 0 13 -14 13 -14 13 -16 12 -14 11 -13 11 -15 12 -16 11 -14 10 -16 11 -14 12 -16 10 -14 10 -15 11 -16 11 -16 10 -17 10 -18 10 -17 9 -17 9 -17 9 -17 8 -18 9 -17 9 -19 9 -17 8 -17 0 0 0 0 0 0 0 0 0 0 ]
CSI_DATA,AP,3C:61:05:12:7D:CC,-59,11,1,4,1,1,1,0,0,0,0,-94,0,8,1,10059518,0,84,0,0,10.758305,384,[84 -64 4 0 0 0 0 0 0 0 0 0 -12 11 -12 11 -13 10 -15 10 -14 9 -14 8 -14 8 -14 8 -14 7 -15 7 -16 7 -16 7 -16 7 -16 6 -15 5 -16 6 -15 5 -15 5 -15 5 -14 5 -15 5 -15 5 -14 4 -15 5 -16 5 -14 6 0 0 -14 6 -14 6 -14 7 -13 6 -14 5 -14 6 -14 7 -13 7 -13 7 -11 8 -12 8 -12 7 -12 8 -12 8 -12 8 -12 9 -13 10 -10 9 -10 10 -9 10 -11 10 -11 10 -11 10 -10 11 -11 10 -9 10 0 0 0 0 0 0 0 0 0 0 ]
CSI_DATA,AP,3C:61:05:12:7D:CC,-57,11,0,0,0,0,0,0,0,0,0,-94,0,8,1,10097392,0,84,0,0,10.799533,128,[84 -64 4 0 0 0 0 0 0 0 0 0 -6 17 -7 17 -7 18 -7 19 -8 18 -9 16 -9 17 -10 15 -10 17 -11 16 -11 18 -13 18 -12 17 -12 17 -11 15 -12 19 -12 15 -12 14 -12 15 -12 15 -12 14 -12 16 -11 13 -11 15 -11 17 -11 17 0 0 -10 17 -10 17 -10 18 -9 17 -9 15 -8 17 -8 18 -8 16 -7 18 -8 17 -8 19 -7 16 -6 17 -7 18 -7 17 -6 19 -6 20 -6 18 -6 18 -5 18 -5 18 -5 19 -5 19 -4 20 -5 19 -4 18 0 0 0 0 0 0 0 0 0 0 ]
CSI_DATA,AP,3C:61:05:12:7D:CC,-59,11,0,0,0,0,0,0,0,0,0,-94,0,8,1,10134376,0,84,0,0,10.841725,128,[84 -64 4 0 0 0 0 0 0 0 0 0 16 -6 17 -6 18 -6 19 -6 19 -5 17 -4 19 -3 18 -2 19 -3 19 -1 21 -2 21 -1 21 -1 20 -1 18 0 21 -2 19 0 18 0 18 0 19 0 17 0 20 -1 16 1 18 -1 20 -2 19 -2 0 0 19 -3 19 -3 20 -4 18 -3 17 -3 18 -5 19 -5 17 -4 18 -6 18 -4 19 -5 17 -4 18 -6 19 -6 17 -6 18 -7 19 -8 18 -7 18 -8 17 -8 17 -8 17 -9 17 -8 18 -9 17 -8 16 -8 0 0 0 0 0 0 0 0 0 0 ]
CSI_DATA,AP,3C:61:05:12:7D:CC,-62,11,0,0,0,0,0,0,0,0,0,-94,0,8,1,10177642,0,84,0,0,10.881397,128,[84 -64 4 0 0 0 0 0 0 0 0 0 13 -7 13 -6 14 -8 16 -8 15 -7 15 -5 16 -5 15 -4 16 -4 17 -3 18 -4 19 -3 19 -3 18 -3 17 -2 20 -4 17 -2 17 -1 17 -1 17 -1 16 -1 18 -2 16 0 18 -2 19 -3 19 -2 0 0 18 -3 19 -3 19 -4 18 -4 17 -3 18 -5 19 -5 17 -4 18 -6 18 -4 19 -5 17 -5 18 -5 19 -5 18 -5 18 -6 19 -7 18 -6 18 -7 18 -7 18 -7 18 -8 18 -8 19 -9 17 -7 17 -8 0 0 0 0 0 0 0 0 0 0 ]
CSI_DATA,AP,3C:61:05:12:7D:CC,-59,11,0,0,0,0,0,0,0,0,0,-94,0,8,1,10214239,0,84,0,0,10.921581,128,[84 -64 4 0 0 0 0 0 0 0 0 0 13 -16 14 -16 15 -16 16 -17 15 -14 16 -12 16 -13 16 -11 17 -12 17 -12 18 -14 19 -14 18 -13 18 -12 17 -10 19 -12 17 -9 16 -8 17 -9 17 -9 16 -9 17 -9 14 -8 15 -11 16 -12 16 -12 0 0 15 -12 15 -12 15 -13 14 -11 14 -10 14 -11 14 -12 14 -11 14 -12 13 -11 13 -14 11 -12 12 -13 13 -13 12 -12 13 -14 12 -14 13 -13 12 -13 11 -14 12 -13 12 -14 11 -14 10 -16 10 -14 10 -14 0 0 0 0 0 0 0 0 0 0 ]
CSI_DATA,AP,3C:61:05:12:7D:CC,-57,11,0,0,0,0,0,0,0,0,0,-94,0,8,1,10303120,0,84,0,0,10.965819,128,[84 -64 4 0 0 0 0 0 0 0 0 0 16 12 15 13 16 14 17 15 15 15 13 15 14 16 12 15 13 15 11 16 14 18 13 19 13 17 12 17 11 15 14 17 10 16 9 15 10 15 10 15 10 14 11 16 9 13 11 14 12 15 12 15 0 0 12 14 13 14 13 13 13 12 12 11 14 11 14 12 12 11 14 11 13 11 15 11 12 10 14 10 14 10 14 10 15 10 16 10 14 9 15 9 15 8 15 8 15 8 15 8 16 8 14 7 15 7 0 0 0 0 0 0 0 0 0 0 ]
CSI_DATA,AP,3C:61:05:12:7D:CC,-56,11,0,0,0,0,0,0,0,0,0,-94,0,8,1,10350500,0,84,0,0,11.5086,128,[84 -64 4 0 0 0 0 0 0 0 0 0 -18 -16 -16 -18 -18 -18 -18 -20 -16 -19 -13 -19 -13 -20 -11 -20 -13 -21 -11 -21 -14 -21 -14 -22 -13 -21 -13 -20 -11 -20 -13 -22 -10 -20 -9 -19 -10 -19 -10 -19 -9 -19 -10 -19 -8 -17 -12 -17 -14 -19 -13 -18 0 0 -13 -17 -13 -17 -14 -17 -14 -15 -12 -14 -13 -16 -14 -16 -13 -15 -15 -14 -13 -15 -16 -14 -14 -13 -16 -13 -16 -15 -15 -13 -17 -13 -18 -13 -17 -13 -16 -13 -16 -13 -16 -13 -17 -13 -18 -11 -19 -11 -18 -11 -18 -11 0 0 0 0 0 0 0 0 0 0 ]
CSI_DATA,AP,3C:61:05:12:7D:CC,-55,11,0,0,0,0,0,0,0,0,0,-94,0,8,1,10397773,0,84,0,0,11.53951,128,[84 -64 4 0 0 0 0 0 0 0 0 0 -19 11 -21 11 -21 11 -24 12 -21 10 -21 8 -21 8 -21 6 -22 7 -21 5 -23 7 -24 6 -22 6 -22 6 -21 5 -23 6 -21 4 -19 3 -20 4 -19 4 -18 5 -20 5 -17 3 -18 5 -20 6 -19 7 0 0 -18 7 -18 7 -18 9 -16 8 -16 7 -16 9 -16 9 -15 8 -15 10 -16 8 -16 10 -14 8 -14 10 -15 10 -14 9 -15 11 -14 12 -14 11 -14 11 -13 12 -13 12 -13 12 -12 12 -13 13 -12 12 -12 12 0 0 0 0 0 0 0 0 0 0 ]
CSI_DATA,AP,3C:61:05:12:7D:CC,-57,11,0,0,0,0,0,0,0,0,0,-94,0,8,1,10440460,0,84,0,0,11.95884,128,[84 -64 4 0 0 0 0 0 0 0 0 0 -20 9 -21 9 -22 9 -23 10 -22 7 -21 6 -22 6 -20 5 -22 6 -22 3 -23 4 -24 4 -23 4 -21 3 -20 3 -22 5 -20 2 -19 2 -19 3 -20 3 -18 3 -19 4 -17 1 -18 3 -20 5 -19 5 0 0 -18 6 -18 6 -18 7 -16 6 -15 6 -16 8 -16 8 -15 7 -15 9 -15 7 -16 9 -14 7 -14 8 -15 9 -14 8 -14 10 -15 11 -14 10 -14 10 -13 11 -13 11 -13 11 -12 11 -13 12 -13 10 -12 11 0 0 0 0 0 0 0 0 0 0 ]
CSI_DATA,AP,3C:61:05:12:7D:CC,-59,11,1,2,1,1,1,0,0,0,0,-94,0,8,1,10484831,0,84,0,0,11.137117,384,[84 -64 4 0 0 0 0 0 0 0 0 0 16 3 16 3 17 3 18 6 17 5 15 5 16 6 14 5 15 6 14 7 15 8 16 8 15 8 14 9 13 9 15 9 13 8 12 8 13 8 12 7 12 8 13 8 10 8 12 8 13 9 12 6 0 0 13 6 12 6 14 6 12 4 12 6 13 5 13 5 12 3 13 3 12 1 13 2 12 3 12 3 13 1 12 2 13 0 14 1 12 -1 12 -1 12 -3 13 -1 12 -1 13 -2 13 -2 13 -1 12 -2 0 0 0 0 0 0 0 0 0 0 ]
CSI_DATA,AP,3C:61:05:12:7D:CC,-59,11,0,0,0,0,0,0,0,0,0,-94,0,8,1,10525449,0,84,0,0,11.173663,128,[84 -64 4 0 0 0 0 0 0 0 0 0 16 -16 16 -15 18 -16 19 -16 18 -14 17 -12 18 -12 18 -11 19 -12 19 -10 20 -12 21 -11 20 -11 19 -11 18 -9 20 -11 18 -8 17 -7 17 -8 16 -8 16 -8 17 -9 14 -7 16 -10 16 -11 16 -10 0 0 15 -11 15 -11 15 -12 13 -11 12 -10 13 -11 13 -12 12 -11 12 -13 12 -11 12 -13 11 -12 10 -13 11 -13 11 -12 10 -13 10 -15 10 -14 9 -14 8 -14 9 -14 8 -15 8 -15 8 -16 7 -14 7 -15 0 0 0 0 0 0 0 0 0 0 ]
CSI_DATA,AP,3C:61:05:12:7D:CC,-58,11,0,0,0,0,0,0,0,0,0,-94,0,8,1,10561915,0,84,0,0,11.217062,128,[84 -64 4 0 0 0 0 0 0 0 0 0 -18 -16 -17 -17 -18 -18 -19 -19 -16 -18 -14 -19 -14 -19 -12 -19 -14 -20 -12 -20 -14 -21 -14 -22 -13 -21 -13 -20 -11 -19 -13 -21 -11 -19 -10 -18 -10 -19 -10 -18 -10 -17 -11 -19 -8 -16 -12 -17 -13 -18 -13 -17 0 0 -13 -16 -13 -16 -14 -15 -14 -14 -12 -13 -14 -14 -15 -14 -13 -13 -14 -12 -13 -13 -16 -12 -13 -11 -15 -11 -15 -12 -15 -11 -16 -11 -17 -10 -16 -10 -16 -10 -16 -9 -16 -9 -17 -9 -17 -8 -18 -7 -16 -7 -17 -7 0 0 0 0 0 0 0 0 0 0 ]
CSI_DATA,AP,3C:61:05:12:7D:CC,-56,11,0,0,0,0,0,0,0,0,0,-94,0,8,1,10606796,0,84,0,0,11.265679,128,[84 -64 4 0 0 0 0 0 0 0 0 0 -8 18 -9 17 -10 18 -10 20 -11 17 -12 16 -12 16 -13 14 -13 16 -13 14 -13 17 -14 17 -14 16 -13 16 -13 14 -14 16 -14 13 -13 11 -13 12 -13 12 -13 12 -14 13 -12 10 -12 13 -13 15 -12 14 0 0 -12 14 -12 14 -11 15 -10 14 -10 12 -10 14 -10 14 -10 13 -9 15 -10 13 -9 16 -8 13 -7 14 -9 15 -9 14 -8 15 -7 16 -8 15 -8 14 -7 15 -7 15 -7 15 -6 15 -5 16 -6 15 -5 15 0 0 0 0 0 0 0 0 0 0 ]
CSI_DATA,AP,3C:61:05:12:7D:CC,-56,11,0,0,0,0,0,0,0,0,0,-94,0,8,1,10646204,0,84,0,0,11.308818,128,[84 -64 4 0 0 0 0 0 0 0 0 0 -20 -13 -19 -15 -21 -16 -22 -17 -20 -17 -17 -17 -17 -18 -15 -18 -16 -19 -15 -19 -18 -20 -18 -21 -17 -20 -16 -19 -14 -19 -17 -21 -13 -19 -12 -19 -12 -19 -13 -19 -12 -18 -14 -20 -11 -17 -14 -17 -16 -18 -15 -17 0 0 -15 -17 -16 -17 -17 -16 -15 -15 -14 -14 -16 -15 -16 -15 -15 -15 -17 -14 -15 -14 -18 -13 -15 -12 -17 -12 -17 -13 -16 -13 -17 -12 -19 -12 -17 -12 -17 -12 -17 -11 -18 -11 -18 -11 -18 -10 -20 -10 -18 -9 -18 -9 0 0 0 0 0 0 0 0 0 0 ]
CSI_DATA,AP,3C:61:05:12:7D:CC,-60,11,1,3,1,1,1,0,0,0,0,-94,0,8,1,10646767,0,84,0,0,11.357941,384,[84 -64 4 0 0 0 0 0 0 0 0 0 10 13 9 13 10 14 9 16 8 15 7 14 7 15 6 15 6 16 5 16 5 17 5 17 4 17 4 17 3 16 4 17 3 16 3 15 3 15 3 15 3 15 3 16 2 15 2 15 3 16 3 14 0 0 3 15 3 14 4 15 4 13 3 14 4 14 4 14 4 13 5 13 5 11 6 12 5 12 6 12 6 12 6 12 7 11 7 12 7 10 8 10 8 10 7 11 7 11 8 11 9 10 8 11 8 9 0 0 0 0 0 0 0 0 0 0 ]
CSI_DATA,AP,3C:61:05:12:7D:CC,-55,11,0,0,0,0,0,0,0,0,0,-94,0,8,1,10686536,0,84,0,0,11.393801,128,[84 -64 4 0 0 0 0 0 0 0 0 0 -23 1 -22 1 -24 1 -25 1 -24 0 -22 -1 -24 -1 -21 -3 -23 -2 -23 -4 -25 -4 -25 -5 -23 -5 -22 -5 -20 -5 -24 -2 -20 -4 -21 -4 -20 -3 -21 -4 -19 -3 -21 -2 -18 -5 -20 -4 -22 -3 -22 -2 0 0 -20 0 -22 0 -21 1 -20 0 -18 0 -18 2 -22 4 -17 -4 -21 -1 -23 7 -18 2 -17 0 -19 2 -19 3 -18 3 -18 4 -20 6 -17 5 -19 6 -17 6 -17 7 -17 7 -18 6 -18 6 -17 6 -17 6 0 0 0 0 0 0 0 0 0 0 ]
CSI_DATA,AP,3C:61:05:12:7D:CC,-56,11,0,0,0,0,0,0,0,0,0,-94,0,8,1,10739552,0,84,0,0,11.436072,128,[84 -64 4 0 0 0 0 0 0 0 0 0 19 -6 19 -5 20 -6 22 -5 20 -4 19 -2 21 -3 20 -1 21 -1 20 0 22 -1 23 0 22 -1 20 -1 19 0 22 -1 19 1 18 1 19 1 18 0 18 0 19 0 16 1 18 -1 20 -1 19 -1 0 0 18 -3 18 -3 19 -4 17 -3 16 -3 18 -4 18 -4 16 -4 17 -6 16 -4 18 -6 16 -5 16 -6 17 -6 16 -6 17 -7 17 -8 16 -7 16 -7 15 -8 16 -8 16 -8 15 -8 16 -10 14 -9 14 -9 0 0 0 0 0 0 0 0 0 0 ]
CSI_DATA,AP,3C:61:05:12:7D:CC,-59,11,1,2,1,1,1,0,0,0,0,-94,0,8,1,10779117,0,84,0,0,11.475572,384,[84 -64 4 0 0 0 0 0 0 0 0 0 -15 -1 -14 -1 -15 -2 -16 -3 -16 -3 -14 -3 -15 -3 -14 -3 -14 -4 -14 -5 -16 -6 -16 -6 -15 -6 -15 -7 -13 -7 -16 -7 -13 -7 -12 -7 -13 -6 -13 -6 -13 -6 -13 -7 -11 -7 -13 -7 -14 -8 -13 -6 0 0 -14 -6 -13 -5 -14 -6 -13 -5 -13 -7 -13 -5 -14 -5 -13 -4 -13 -4 -12 -2 -13 -3 -12 -4 -13 -3 -13 -2 -12 -3 -13 -1 -15 -2 -13 0 -13 -1 -12 1 -14 0 -13 -1 -13 0 -14 0 -14 -1 -13 0 0 0 0 0 0 0 0 0 0 0 ]
CSI_DATA,AP,3C:61:05:12:7D:CC,-59,11,1,2,1,1,1,0,0,0,0,-94,0,8,1,11199833,0,84,0,0,11.525804,384,[84 -64 4 0 0 0 0 0 0 0 0 0 13 10 13 10 14 11 14 13 13 12 10 12 12 13 11 12 11 13 10 14 10 15 11 15 10 15 9 16 7 14 10 16 8 14 7 14 7 14 7 14 7 14 8 14 6 13 7 14 8 15 8 13 0 0 8 13 8 13 9 13 9 11 7 12 9 12 9 12 8 10 9 11 9 8 10 9 8 10 9 9 10 8 9 9 11 7 11 9 10 6 11 7 11 5 11 6 10 6 11 7 12 5 11 6 11 5 0 0 0 0 0 0 0 0 0 0 ]
CSI_DATA,AP,3C:61:05:12:7D:CC,-60,11,1,3,1,1,1,0,0,0,0,-94,0,8,1,11200396,0,84,0,0,11.556697,384,[84 -64 4 0 0 0 0 0 0 0 0 0 -18 -1 -18 -1 -19 -2 -20 -3 -18 -4 -18 -4 -18 -4 -18 -4 -18 -5 -18 -5 -18 -6 -19 -6 -18 -7 -18 -8 -17 -7 -18 -6 -16 -7 -16 -7 -16 -6 -16 -6 -16 -6 -16 -6 -15 -6 -15 -6 -16 -6 -16 -5 0 0 -16 -5 -15 -4 -16 -4 -15 -3 -15 -4 -15 -3 -15 -3 -14 -2 -15 -1 -14 0 -15 -1 -14 -1 -14 -1 -14 0 -14 0 -14 2 -15 1 -13 2 -14 3 -12 4 -14 3 -13 3 -14 4 -13 4 -13 3 -12 4 0 0 0 0 0 0 0 0 0 0 ]
CSI_DATA,AP,3C:61:05:12:7D:CC,-60,11,1,3,1,1,1,0,0,0,0,-94,0,8,1,11200853,0,84,0,0,11.600133,384,[84 -64 4 0 0 0 0 0 0 0 0 0 13 -12 13 -12 15 -12 16 -11 16 -11 15 -9 16 -9 15 -9 16 -8 16 -8 17 -8 17 -8 17 -7 17 -6 16 -5 18 -7 16 -5 15 -5 15 -5 15 -5 16 -5 16 -5 15 -4 15 -5 16 -5 14 -6 0 0 15 -6 14 -6 14 -6 13 -6 14 -5 14 -6 14 -7 12 -7 13 -7 11 -8 12 -8 11 -7 11 -8 11 -8 11 -7 11 -9 11 -9 9 -9 10 -9 8 -9 10 -10 10 -10 9 -10 8 -11 9 -10 8 -10 0 0 0 0 0 0 0 0 0 0 ]
CSI_DATA,AP,3C:61:05:12:7D:CC,-60,11,1,3,1,1,1,0,0,0,0,-94,0,8,1,11201940,0,84,0,0,11.640852,384,[84 -64 4 0 0 0 0 0 0 0 0 0 -18 -4 -18 -4 -19 -5 -19 -6 -19 -7 -17 -7 -17 -7 -17 -8 -17 -9 -17 -8 -17 -9 -18 -9 -17 -9 -17 -10 -15 -10 -17 -10 -15 -10 -14 -10 -14 -10 -14 -10 -14 -10 -14 -10 -13 -10 -14 -9 -15 -10 -14 -8 0 0 -14 -8 -15 -8 -15 -7 -14 -7 -13 -8 -14 -7 -14 -7 -14 -6 -14 -6 -14 -4 -14 -4 -13 -4 -14 -4 -14 -3 -14 -4 -15 -3 -15 -3 -13 -2 -14 -2 -13 -1 -14 -2 -14 -2 -14 -1 -14 1 -14 -1 -13 1 0 0 0 0 0 0 0 0 0 0 ]
CSI_DATA,AP,3C:61:05:12:7D:CC,-60,11,1,3,1,1,1,0,0,0,0,-94,0,8,1,11202181,0,84,0,0,11.686414,384,[84 -64 4 0 0 0 0 0 0 0 0 0 17 -3 17 -3 19 -3 19 -1 19 -1 17 0 18 0 18 0 18 1 18 2 18 2 19 2 18 3 18 3 16 3 19 3 16 3 16 3 15 3 16 3 16 3 16 4 14 4 15 3 16 4 15 2 0 0 15 2 15 2 15 1 15 1 14 2 15 0 15 1 14 0 14 0 13 -2 14 -2 13 -1 13 -1 13 -3 13 -2 13 -4 14 -3 12 -4 13 -4 12 -5 13 -4 13 -4 13 -5 12 -6 12 -5 11 -6 0 0 0 0 0 0 0 0 0 0 ]
CSI_DATA,AP,3C:61:05:12:7D:CC,-60,11,1,3,1,1,1,0,0,0,0,-94,0,8,1,11202449,0,84,0,0,11.724091,384,[84 -64 4 0 0 0 0 0 0 0 0 0 14 -11 15 -11 15 -11 17 -10 16 -9 16 -8 16 -8 16 -8 17 -7 16 -7 17 -7 18 -7 17 -6 17 -5 17 -5 18 -5 17 -5 16 -5 16 -4 16 -4 16 -4 16 -4 15 -3 16 -4 16 -5 15 -5 0 0 15 -5 14 -6 15 -6 13 -6 14 -5 14 -6 14 -6 13 -6 13 -7 11 -7 11 -8 11 -7 12 -8 11 -9 11 -8 11 -9 11 -10 9 -9 9 -9 8 -9 9 -10 10 -9 9 -11 8 -11 9 -10 7 -11 0 0 0 0 0 0 0 0 0 0 ]
CSI_DATA,AP,3C:61:05:12:7D:CC,-62,11,1,3,1,1,1,0,0,0,0,-94,0,8,1,11202654,0,84,0,0,11.764543,384,[84 -64 4 0 0 0 0 0 0 0 0 0 -12 17 -12 16 -13 16 -15 17 -14 16 -15 14 -14 13 -14 14 -15 13 -17 13 -17 13 -16 14 -15 12 -18 12 -16 12 -18 12 -15 11 -16 10 -16 11 -16 10 -16 10 -16 11 -15 8 -15 11 -16 11 -14 11 0 0 -14 11 -13 11 -14 11 -12 11 -13 10 -13 11 -13 12 -11 11 -11 12 -9 12 -10 13 -10 11 -9 12 -8 13 -9 12 -8 13 -8 13 -7 13 -6 13 -5 13 -6 14 -6 13 -6 14 -4 14 -5 13 -4 13 0 0 0 0 0 0 0 0 0 0 ]
CSI_DATA,AP,3C:61:05:12:7D:CC,-60,11,1,3,1,1,1,0,0,0,0,-94,0,8,1,11202850,0,84,0,0,11.807943,384,[84 -64 4 0 0 0 0 0 0 0 0 0 1 16 0 15 0 17 -1 17 -2 18 -2 14 -2 17 -2 16 -4 16 -3 15 -4 16 -5 16 -6 16 -6 16 -5 13 -5 17 -4 13 -4 14 -5 14 -4 13 -5 13 -5 14 -5 13 -5 14 -5 14 -4 13 0 0 -4 13 -3 14 -3 13 -2 13 -3 12 -2 13 -3 13 -2 12 -1 13 0 12 0 12 -1 11 0 12 1 12 0 12 2 11 2 13 2 10 2 11 3 10 2 11 2 11 3 12 4 11 3 11 3 10 0 0 0 0 0 0 0 0 0 0 ]
CSI_DATA,AP,3C:61:05:12:7D:CC,-60,11,1,3,1,1,1,0,0,0,0,-94,0,8,1,11203136,0,84,0,0,11.846588,384,[84 -64 4 0 0 0 0 0 0 0 0 0 8 16 8 15 7 17 6 18 6 18 5 15 5 17 5 17 2 17 3 18 3 19 3 19 2 19 2 19 1 18 3 19 1 16 0 17 -1 15 0 16 0 16 1 16 -1 16 0 16 1 17 1 15 0 0 1 15 1 16 2 15 2 15 1 14 2 15 2 15 2 13 3 14 4 13 4 13 4 13 4 13 5 12 4 13 5 12 5 13 6 11 6 11 6 10 6 12 6 11 7 12 7 10 6 11 7 10 0 0 0 0 0 0 0 0 0 0 ]
CSI_DATA,AP,3C:61:05:12:7D:CC,-55,11,0,0,0,0,0,0,0,0,0,-94,0,8,1,11236149,0,84,0,0,11.882507,128,[84 -64 4 0 0 0 0 0 0 0 0 0 -25 -3 -24 -4 -26 -5 -28 -5 -26 -6 -22 -8 -24 -8 -22 -9 -24 -10 -23 -10 -25 -10 -25 -11 -24 -10 -23 -10 -21 -10 -25 -11 -21 -11 -20 -11 -19 -11 -20 -11 -19 -11 -21 -10 -17 -10 -20 -9 -22 -9 -21 -9 0 0 -21 -7 -21 -7 -22 -6 -20 -6 -18 -6 -20 -5 -21 -5 -19 -6 -20 -4 -19 -5 -21 -3 -18 -4 -19 -2 -20 -4 -19 -3 -19 -2 -21 -1 -19 -2 -20 -2 -19 -1 -19 -1 -20 0 -19 0 -20 1 -19 0 -18 1 0 0 0 0 0 0 0 0 0 0 ]
CSI_DATA,AP,3C:61:05:12:7D:CC,-59,11,1,3,1,1,1,0,0,0,0,-94,0,8,1,11237081,0,84,0,0,11.928172,384,[84 -64 4 0 0 0 0 0 0 0 0 0 -10 -14 -10 -15 -10 -16 -10 -17 -9 -16 -7 -16 -8 -16 -7 -16 -7 -17 -6 -17 -6 -18 -6 -18 -5 -17 -4 -17 -4 -17 -5 -17 -4 -16 -4 -16 -4 -16 -4 -16 -4 -16 -4 -16 -3 -15 -4 -15 -4 -16 -5 -14 0 0 -5 -15 -6 -14 -6 -14 -6 -13 -5 -14 -6 -13 -6 -14 -6 -12 -7 -13 -7 -11 -8 -12 -7 -11 -7 -12 -8 -11 -8 -11 -9 -11 -9 -11 -9 -9 -9 -9 -10 -8 -10 -9 -9 -9 -10 -9 -11 -8 -10 -9 -10 -8 0 0 0 0 0 0 0 0 0 0 ]
CSI_DATA,AP,3C:61:05:12:7D:CC,-55,11,0,0,0,0,0,0,0,0,0,-94,0,8,1,11283206,0,84,0,0,11.973047,128,[84 -64 4 0 0 0 0 0 0 0 0 0 1 -24 2 -23 2 -25 3 -27 3 -24 5 -22 5 -23 7 -22 7 -23 8 -22 7 -25 8 -26 7 -24 7 -23 8 -21 8 -24 8 -21 8 -19 8 -20 8 -20 8 -19 8 -21 7 -17 6 -20 6 -22 6 -21 0 0 5 -20 5 -20 4 -21 3 -20 4 -18 3 -19 3 -20 3 -18 2 -20 3 -19 1 -20 1 -17 0 -19 1 -19 1 -18 0 -19 -2 -20 -1 -19 -1 -18 -2 -18 -2 -18 -2 -18 -3 -18 -4 -19 -3 -17 -4 -17 0 0 0 0 0 0 0 0 0 0 ]
CSI_DATA,AP,3C:61:05:12:7D:CC,-54,11,0,0,0,0,0,0,0,0,0,-94,0,8,1,11327473,0,84,0,0,12.14192,128,[84 -64 4 0 0 0 0 0 0 0 0 0 -23 1 -24 -1 -25 -1 -26 -1 -24 -2 -23 -4 -23 -4 -22 -6 -23 -6 -22 -6 -25 -5 -25 -7 -24 -6 -23 -6 -21 -7 -25 -6 -21 -7 -19 -7 -20 -7 -20 -7 -19 -7 -21 -7 -17 -7 -20 -5 -23 -5 -22 -5 0 0 -22 -4 -22 -4 -22 -3 -21 -3 -19 -3 -21 -2 -21 -3 -19 -3 -21 -1 -20 -2 -22 0 -19 -1 -20 0 -21 0 -20 0 -21 1 -22 2 -21 1 -21 1 -20 2 -20 2 -21 2 -21 3 -22 4 -20 3 -20 3 0 0 0 0 0 0 0 0 0 0 ]
CSI_DATA,AP,3C:61:05:12:7D:CC,-54,11,0,0,0,0,0,0,0,0,0,-94,0,8,1,11367779,0,84,0,0,12.57507,128,[84 -64 4 0 0 0 0 0 0 0 0 0 -21 -5 -20 -6 -22 -6 -23 -7 -22 -8 -19 -9 -21 -9 -18 -10 -20 -10 -19 -11 -21 -11 -21 -12 -20 -11 -19 -11 -17 -10 -21 -11 -17 -11 -16 -11 -17 -10 -17 -10 -16 -10 -18 -10 -14 -10 -17 -9 -19 -9 -18 -9 0 0 -18 -8 -19 -7 -18 -7 -18 -6 -16 -6 -18 -6 -18 -6 -17 -6 -18 -4 -17 -6 -19 -4 -16 -4 -17 -4 -18 -4 -17 -4 -18 -3 -19 -2 -17 -2 -18 -2 -17 -2 -17 -2 -18 -1 -17 -1 -18 0 -17 -1 -17 -1 0 0 0 0 0 0 0 0 0 0 ]
CSI_DATA,AP,3C:61:05:12:7D:CC,-58,11,1,2,1,1,1,0,0,0,0,-94,0,8,1,11410515,0,84,0,0,12.103515,384,[84 -64 4 0 0 0 0 0 0 0 0 0 18 6 18 6 18 6 19 10 17 10 15 9 16 10 15 9 16 10 15 11 16 12 16 11 16 12 14 13 12 12 16 13 13 12 12 12 12 11 11 11 12 11 12 12 10 11 11 11 13 12 12 10 0 0 12 10 12 9 14 10 12 8 11 9 13 8 12 8 12 7 13 7 12 4 13 5 12 6 12 5 13 4 12 5 13 3 14 5 13 2 13 2 12 1 13 2 13 2 14 2 14 1 13 2 12 0 0 0 0 0 0 0 0 0 0 0 ]
CSI_DATA,AP,3C:61:05:12:7D:CC,-58,11,0,0,0,0,0,0,0,0,0,-94,0,8,1,11450659,0,84,0,0,12.141273,128,[84 -64 4 0 0 0 0 0 0 0 0 0 -14 19 -15 18 -15 20 -16 20 -17 18 -16 15 -18 16 -17 14 -18 16 -18 14 -20 16 -20 15 -19 15 -19 14 -17 12 -19 15 -17 12 -17 11 -17 12 -17 12 -16 11 -17 13 -15 9 -15 12 -16 14 -16 14 0 0 -14 14 -14 14 -13 15 -13 14 -12 12 -12 15 -12 15 -11 13 -10 15 -12 13 -11 15 -10 13 -10 15 -10 15 -9 14 -9 15 -8 17 -8 15 -8 15 -7 15 -7 15 -7 16 -6 15 -6 16 -6 15 -6 15 0 0 0 0 0 0 0 0 0 0 ]
CSI_DATA,AP,3C:61:05:12:7D:CC,-57,11,0,0,0,0,0,0,0,0,0,-94,0,8,1,11487521,0,84,0,0,12.184928,128,[84 -64 4 0 0 0 0 0 0 0 0 0 -22 -13 -21 -14 -22 -16 -23 -16 -20 -16 -18 -17 -19 -17 -16 -17 -18 -18 -16 -18 -19 -19 -18 -20 -18 -18 -17 -17 -15 -17 -18 -18 -15 -17 -13 -16 -14 -17 -14 -16 -13 -16 -14 -16 -12 -14 -15 -14 -16 -15 -16 -15 0 0 -16 -13 -16 -13 -16 -13 -15 -12 -14 -11 -16 -11 -16 -11 -14 -10 -16 -9 -15 -10 -17 -9 -14 -8 -15 -7 -15 -8 -15 -8 -16 -7 -17 -6 -16 -6 -16 -6 -15 -6 -15 -5 -16 -5 -15 -4 -17 -3 -15 -3 -15 -3 0 0 0 0 0 0 0 0 0 0 ]
CSI_DATA,AP,3C:61:05:12:7D:CC,-56,11,0,0,0,0,0,0,0,0,0,-94,0,8,1,11526532,0,84,0,0,12.232764,128,[84 -64 4 0 0 0 0 0 0 0 0 0 2 -23 4 -23 4 -25 4 -26 5 -23 6 -22 7 -22 8 -20 7 -22 9 -21 8 -23 10 -23 9 -22 9 -21 9 -19 9 -22 9 -19 8 -18 9 -18 8 -18 8 -18 8 -19 8 -15 7 -18 6 -20 6 -20 0 0 5 -19 4 -19 4 -20 4 -18 3 -17 3 -19 2 -19 3 -18 1 -18 2 -18 2 -19 2 -17 1 -17 1 -19 1 -18 0 -18 -1 -19 0 -18 -1 -18 -2 -17 -1 -17 -2 -18 -2 -17 -3 -18 -2 -17 -2 -17 0 0 0 0 0 0 0 0 0 0 ]
CSI_DATA,AP,3C:61:05:12:7D:CC,-56,11,0,0,0,0,0,0,0,0,0,-94,0,8,1,11565079,0,84,0,0,12.273904,128,[84 -64 4 0 0 0 0 0 0 0 0 0 20 9 19 10 22 11 22 11 20 12 17 12 19 13 16 13 18 14 17 14 19 15 18 16 18 15 17 14 14 13 18 15 14 14 14 13 14 14 14 13 14 12 15 13 12 12 14 11 16 12 16 12 0 0 16 10 16 10 17 9 16 9 14 8 16 8 17 8 15 7 17 6 16 7 17 7 15 6 16 5 17 5 16 5 17 4 19 4 17 4 17 3 17 3 16 3 17 2 17 2 18 1 16 1 16 1 0 0 0 0 0 0 0 0 0 0 ]
CSI_DATA,AP,3C:61:05:12:7D:CC,-56,11,0,0,0,0,0,0,0,0,0,-94,0,8,1,11610370,0,84,0,0,12.312018,128,[84 -64 4 0 0 0 0 0 0 0 0 0 22 -10 22 -8 24 -9 25 -9 23 -7 23 -5 24 -5 22 -3 23 -4 23 -2 25 -4 25 -2 24 -3 23 -2 21 -1 24 -3 21 -1 20 0 21 -1 20 -1 19 -1 21 -1 17 -1 19 -3 21 -4 20 -4 0 0 19 -4 19 -4 20 -6 18 -6 17 -5 18 -7 18 -7 17 -6 17 -8 16 -6 17 -8 15 -7 16 -8 17 -8 16 -7 16 -9 16 -10 15 -9 15 -10 15 -10 14 -10 14 -10 14 -11 15 -12 14 -11 13 -11 0 0 0 0 0 0 0 0 0 0 ]
CSI_DATA,AP,3C:61:05:12:7D:CC,-59,11,0,0,0,0,0,0,0,0,0,-94,0,8,1,11658840,0,84,0,0,12.353075,128,[84 -64 4 0 0 0 0 0 0 0 0 0 14 18 13 19 14 20 14 21 11 20 10 19 10 20 8 20 9 20 7 21 9 22 9 23 8 21 8 21 7 19 9 22 6 19 5 18 6 19 6 18 6 17 7 19 4 16 7 17 9 19 8 18 0 0 9 16 9 16 10 16 10 15 8 14 10 15 10 15 9 14 11 14 9 14 12 14 10 13 11 12 11 13 11 12 12 12 13 12 13 12 13 11 13 11 13 11 13 11 13 10 15 10 13 10 13 9 0 0 0 0 0 0 0 0 0 0 ]
CSI_DATA,AP,3C:61:05:12:7D:CC,-58,11,0,0,0,0,0,0,0,0,0,-94,0,8,1,11694206,0,84,0,0,12.391182,128,[84 -64 4 0 0 0 0 0 0 0 0 0 14 19 13 19 14 21 15 22 12 21 9 20 9 21 7 21 8 22 7 22 10 23 9 24 9 23 8 22 6 20 8 24 5 21 5 19 5 20 5 19 5 19 6 21 4 17 7 18 8 20 8 19 0 0 8 18 9 19 10 18 9 17 8 16 9 16 10 17 9 16 11 16 9 16 12 16 10 14 11 14 11 15 11 15 12 14 13 14 12 14 12 13 12 13 12 13 13 13 14 12 15 12 14 11 14 11 0 0 0 0 0 0 0 0 0 0 ]
CSI_DATA,AP,3C:61:05:12:7D:CC,-57,11,0,0,0,0,0,0,0,0,0,-94,0,8,1,11744999,0,84,0,0,12.429116,128,[84 -64 4 0 0 0 0 0 0 0 0 0 -20 8 -20 6 -22 7 -22 7 -22 5 -21 4 -22 4 -21 2 -22 3 -22 1 -24 2 -24 1 -23 1 -22 1 -20 0 -24 2 -20 0 -19 -1 -20 0 -20 0 -19 0 -21 0 -17 -1 -20 0 -21 2 -20 1 0 0 -19 2 -20 3 -20 4 -19 3 -17 3 -19 4 -19 4 -18 3 -18 5 -18 4 -19 5 -17 4 -17 5 -18 5 -18 5 -18 6 -19 7 -18 7 -17 7 -17 7 -17 7 -17 8 -17 8 -18 9 -17 7 -17 8 0 0 0 0 0 0 0 0 0 0 ]
CSI_DATA,AP,3C:61:05:12:7D:CC,-59,11,0,0,0,0,0,0,0,0,0,-94,0,8,1,11790185,0,84,0,0,12.469572,128,[84 -64 4 0 0 0 0 0 0 0 0 0 13 -17 15 -17 15 -17 17 -19 16 -15 17 -14 17 -14 17 -12 17 -13 17 -12 19 -14 20 -14 18 -13 18 -12 17 -11 19 -13 18 -11 16 -9 17 -10 17 -10 16 -10 17 -11 14 -8 15 -11 17 -13 16 -12 0 0 15 -13 14 -13 14 -14 13 -12 13 -12 13 -14 13 -14 12 -12 11 -14 11 -13 12 -15 10 -13 10 -14 11 -15 10 -14 10 -16 10 -16 9 -16 9 -16 8 -15 8 -16 8 -16 7 -16 7 -18 7 -16 6 -17 0 0 0 0 0 0 0 0 0 0 ]
CSI_DATA,AP,3C:61:05:12:7D:CC,-57,11,0,0,0,0,0,0,0,0,0,-94,0,8,1,11822659,0,84,0,0,12.513401,128,[84 -64 4 0 0 0 0 0 0 0 0 0 22 -1 22 0 24 -1 24 0 23 1 21 2 22 2 20 4 22 3 21 5 23 5 23 6 22 5 21 5 18 5 22 4 19 5 18 6 18 5 18 5 17 4 19 4 15 5 18 4 20 3 19 3 0 0 18 2 18 1 19 1 18 1 16 1 17 -1 18 -1 16 0 17 -2 16 0 18 -1 15 -1 16 -2 17 -2 16 -2 16 -3 17 -5 16 -4 16 -5 15 -5 15 -5 15 -6 15 -6 16 -6 15 -6 15 -6 0 0 0 0 0 0 0 0 0 0 ]
CSI_DATA,AP,3C:61:05:12:7D:CC,-57,11,0,0,0,0,0,0,0,0,0,-94,0,8,1,11868095,0,84,0,0,12.550993,128,[84 -64 4 0 0 0 0 0 0 0 0 0 -4 -22 -3 -22 -3 -24 -3 -25 -1 -23 1 -22 0 -23 2 -21 1 -22 2 -22 1 -24 2 -24 1 -23 1 -22 2 -20 2 -24 3 -21 3 -19 3 -20 3 -20 3 -19 3 -20 3 -17 0 -19 0 -21 0 -20 0 0 0 -19 -1 -20 -2 -20 -1 -18 -1 -17 -2 -19 -2 -19 -2 -17 -3 -18 -2 -17 -4 -18 -3 -16 -5 -16 -4 -17 -4 -16 -5 -17 -6 -18 -5 -17 -5 -16 -5 -15 -6 -15 -6 -16 -7 -15 -8 -15 -7 -14 -7 -14 0 0 0 0 0 0 0 0 0 0 ]
CSI_DATA,AP,3C:61:05:12:7D:CC,-57,11,0,0,0,0,0,0,0,0,0,-94,0,8,1,11914062,0,84,0,0,12.593878,128,[84 -64 4 0 0 0 0 0 0 0 0 0 -22 3 -22 2 -24 2 -25 2 -23 1 -22 -1 -23 -1 -21 -3 -23 -2 -22 -4 -25 -3 -25 -3 -24 -4 -23 -3 -21 -4 -25 -3 -21 -5 -20 -5 -20 -4 -21 -5 -20 -5 -22 -4 -18 -5 -21 -3 -23 -3 -22 -3 0 0 -21 -2 -22 -1 -22 0 -21 -1 -19 -1 -21 0 -21 0 -20 -1 -20 1 -20 0 -22 1 -19 1 -20 2 -20 1 -20 1 -20 2 -22 3 -20 3 -20 3 -19 3 -20 3 -20 4 -20 4 -20 5 -19 5 -19 4 0 0 0 0 0 0 0 0 0 0 ]
CSI_DATA,AP,3C:61:05:12:7D:CC,-58,11,0,0,0,0,0,0,0,0,0,-94,0,8,1,11953966,0,84,0,0,12.636401,128,[84 -64 4 0 0 0 0 0 0 0 0 0 6 18 6 19 6 20 6 22 4 20 3 20 3 21 1 19 2 20 1 20 2 23 1 23 1 22 1 21 0 20 2 23 0 20 -1 19 0 20 0 20 0 19 0 20 -1 17 1 19 2 21 2 21 0 0 3 20 3 20 4 21 4 19 3 18 4 19 5 20 4 18 5 19 3 19 6 20 5 17 6 18 6 19 6 18 7 19 8 19 8 19 7 18 8 17 8 17 8 17 9 17 10 18 8 16 9 17 0 0 0 0 0 0 0 0 0 0 ]
CSI_DATA,AP,3C:61:05:12:7D:CC,-58,11,0,0,0,0,0,0,0,0,0,-94,0,8,1,11995214,0,84,0,0,12.672426,128,[84 -64 4 0 0 0 0 0 0 0 0 0 -6 -20 -5 -20 -5 -22 -4 -23 -3 -22 -1 -20 -1 -21 1 -20 1 -21 1 -21 0 -23 1 -24 1 -22 1 -21 3 -20 2 -24 3 -20 3 -19 3 -19 3 -20 3 -19 3 -21 3 -17 2 -20 1 -22 1 -20 0 0 0 -20 0 -21 -1 -21 -1 -20 0 -18 0 -20 -1 -20 0 -19 -2 -20 -1 -20 -3 -21 -2 -18 -3 -19 -2 -20 -2 -20 -3 -20 -5 -22 -4 -20 -4 -20 -4 -20 -4 -20 -5 -20 -6 -20 -7 -20 -6 -19 -6 -19 0 0 0 0 0 0 0 0 0 0 ]
CSI_DATA,AP,3C:61:05:12:7D:CC,-59,11,1,1,1,1,1,0,0,0,0,-94,0,8,1,12034979,0,84,0,0,12.715139,384,[84 -64 4 0 0 0 0 0 0 0 0 0 -6 -12 -6 -11 -7 -13 -6 -13 -5 -14 -3 -12 -4 -13 -4 -12 -4 -13 -3 -14 -2 -15 -3 -15 -2 -15 -1 -14 -1 -13 -2 -15 -1 -13 -1 -13 -1 -13 -1 -13 -1 -13 -1 -14 1 -13 0 -13 0 -15 -1 -13 0 0 -1 -13 -2 -13 -2 -14 -3 -13 -1 -12 -2 -13 -3 -13 -3 -12 -3 -12 -4 -11 -4 -12 -3 -11 -3 -12 -5 -11 -4 -12 -6 -11 -6 -13 -6 -10 -7 -10 -7 -9 -6 -11 -7 -11 -7 -11 -7 -10 -6 -11 -7 -10 0 0 0 0 0 0 0 0 0 0 ]
CSI_DATA,AP,3C:61:05:12:7D:CC,-54,11,0,0,0,0,0,0,0,0,0,-94,0,8,1,12440039,0,84,0,0,12.765527,128,[84 -64 4 0 0 0 0 0 0 0 0 0 -18 2 -18 1 -20 2 -21 1 -19 0 -18 -1 -20 0 -18 -2 -19 -1 -19 -3 -20 -3 -21 -3 -20 -3 -19 -3 -18 -3 -21 -3 -18 -4 -17 -4 -17 -4 -18 -3 -17 -3 -19 -3 -15 -4 -18 -3 -19 -2 -19 -2 0 0 -18 -1 -19 -1 -19 0 -18 0 -17 -1 -18 1 -19 1 -17 0 -18 2 -18 0 -19 1 -17 1 -18 2 -18 1 -18 2 -18 3 -19 3 -18 3 -18 3 -18 4 -17 4 -18 4 -18 4 -19 5 -18 4 -18 4 0 0 0 0 0 0 0 0 0 0 ]
CSI_DATA,AP,3C:61:05:12:7D:CC,-55,11,1,2,1,1,1,0,0,0,0,-94,0,8,1,12440606,0,84,0,0,12.801986,384,[84 -64 4 0 0 0 0 0 0 0 0 0 3 13 3 13 3 14 2 15 2 15 0 13 0 14 0 13 0 14 0 14 -1 15 -1 15 -1 15 -2 14 -3 13 -2 15 -2 13 -3 13 -3 13 -3 12 -3 13 -3 13 -4 11 -3 13 -3 14 -2 13 0 0 -2 13 -1 13 -2 14 -1 12 -2 13 -1 13 -1 13 -1 12 0 13 1 11 1 13 0 12 1 12 2 12 1 12 3 12 2 14 3 12 3 12 4 10 3 12 3 12 3 13 5 12 3 12 4 11 0 0 0 0 0 0 0 0 0 0 ]
CSI_DATA,AP,3C:61:05:12:7D:CC,-55,11,1,2,1,1,1,0,0,0,0,-94,0,8,1,12446534,0,84,0,0,12.839713,384,[84 -64 4 0 0 0 0 0 0 0 0 0 7 -13 7 -12 8 -13 10 -13 9 -11 9 -10 9 -11 9 -11 10 -10 10 -10 12 -10 12 -11 11 -10 12 -9 11 -8 12 -10 11 -9 11 -8 11 -8 10 -8 11 -8 11 -8 11 -7 11 -8 12 -9 11 -9 0 0 11 -9 10 -9 11 -10 10 -9 10 -8 9 -10 10 -10 9 -9 9 -10 7 -10 8 -11 8 -9 8 -10 7 -11 8 -10 7 -12 8 -13 5 -11 6 -12 4 -12 6 -12 6 -13 6 -13 5 -13 6 -12 5 -12 0 0 0 0 0 0 0 0 0 0 ]
CSI_DATA,AP,3C:61:05:12:7D:CC,-55,11,1,2,1,1,1,0,0,0,0,-94,0,8,1,12447146,0,84,0,0,12.880598,384,[84 -64 4 0 0 0 0 0 0 0 0 0 13 -5 13 -5 14 -5 15 -4 14 -3 13 -2 14 -3 13 -2 14 -2 14 -1 15 -1 15 -1 15 0 15 0 14 0 16 0 14 0 13 1 13 1 12 0 13 0 14 1 12 2 13 1 15 1 13 0 0 0 14 0 13 -1 14 -1 13 -2 13 1 13 -1 14 -1 12 -2 13 -2 11 -3 13 -3 12 -1 12 -2 12 -4 12 -3 12 -5 14 -4 11 -5 12 -5 10 -6 12 -5 12 -5 13 -5 12 -6 12 -5 11 -6 0 0 0 0 0 0 0 0 0 0 ]
CSI_DATA,AP,3C:61:05:12:7D:CC,-55,11,1,2,1,1,1,0,0,0,0,-94,0,8,1,12448061,0,84,0,0,12.919475,384,[84 -64 4 0 0 0 0 0 0 0 0 0 13 -3 13 -2 15 -2 15 -1 15 0 13 1 14 0 13 1 14 2 14 2 15 2 15 2 14 3 14 3 13 4 16 3 13 3 13 4 12 3 12 3 12 4 13 4 12 4 13 4 14 4 13 2 0 0 13 3 13 2 14 2 13 1 12 3 13 2 14 2 12 1 13 1 12 -1 13 -1 12 1 13 0 12 -1 13 0 13 -2 14 -1 11 -3 13 -3 11 -3 13 -2 13 -2 13 -3 13 -4 13 -3 12 -4 0 0 0 0 0 0 0 0 0 0 ]
CSI_DATA,AP,3C:61:05:12:7D:CC,-55,11,1,2,1,1,1,0,0,0,0,-94,0,8,1,12448385,0,84,0,0,12.956812,384,[84 -64 4 0 0 0 0 0 0 0 0 0 13 5 12 5 13 6 13 7 12 7 11 7 12 7 11 8 11 8 10 9 11 10 11 10 11 10 10 11 8 10 11 11 10 10 8 10 8 10 8 9 9 10 9 10 7 10 8 10 9 11 9 10 0 0 9 10 9 10 10 10 10 9 8 10 10 9 10 10 9 8 10 9 9 6 11 7 9 8 10 8 11 6 10 7 11 6 12 8 11 5 11 5 11 4 11 6 11 6 12 6 12 5 11 6 11 5 0 0 0 0 0 0 0 0 0 0 ]
CSI_DATA,AP,3C:61:05:12:7D:CC,-55,11,1,2,1,1,1,0,0,0,0,-94,0,8,1,12450375,0,84,0,0,12.992907,384,[84 -64 4 0 0 0 0 0 0 0 0 0 12 4 13 5 13 6 14 7 12 7 11 7 12 7 11 7 11 8 11 8 11 10 12 10 11 10 10 10 9 10 11 10 10 10 8 9 9 10 9 9 9 10 9 10 7 10 9 10 10 11 9 9 0 0 10 9 9 9 10 10 9 8 9 10 10 9 10 9 9 8 10 8 10 5 11 7 9 7 10 7 11 6 10 7 12 6 12 7 11 5 11 5 11 3 12 5 12 5 12 5 12 5 12 6 12 4 0 0 0 0 0 0 0 0 0 0 ]
CSI_DATA,AP,3C:61:05:12:7D:CC,-55,11,1,2,1,1,1,0,0,0,0,-94,0,8,1,12450591,0,84,0,0,13.28776,384,[84 -64 4 0 0 0 0 0 0 0 0 0 10 9 9 9 10 10 10 12 9 12 7 10 8 11 7 11 7 12 7 12 7 13 8 13 7 13 6 13 5 12 7 14 6 12 5 12 5 12 5 12 5 12 5 13 3 12 5 13 6 14 6 12 0 0 6 12 6 12 7 12 7 11 5 11 7 11 7 12 7 10 7 11 8 9 8 10 7 9 8 10 8 9 8 9 9 9 10 11 9 7 10 8 10 6 10 8 10 8 10 8 11 7 10 8 10 7 0 0 0 0 0 0 0 0 0 0 ]
CSI_DATA,AP,3C:61:05:12:7D:CC,-55,11,1,2,1,1,1,0,0,0,0,-94,0,8,1,12450915,0,84,0,0,13.64094,384,[84 -64 4 0 0 0 0 0 0 0 0 0 1 13 1 14 1 14 0 16 -1 15 -1 13 -1 14 -1 13 -1 14 -2 14 -4 15 -3 15 -4 15 -5 14 -5 13 -4 15 -4 14 -5 13 -4 13 -4 13 -4 13 -4 14 -5 11 -5 13 -5 14 -4 13 0 0 -3 13 -3 13 -3 14 -2 12 -4 13 -2 13 -2 14 -1 12 -1 13 0 12 0 13 -2 12 -1 13 0 13 -1 12 1 13 0 14 2 12 2 12 3 11 2 13 2 12 2 13 3 13 1 13 3 12 0 0 0 0 0 0 0 0 0 0 ]
CSI_DATA,AP,3C:61:05:12:7D:CC,-53,11,0,0,0,0,0,0,0,0,0,-94,0,8,1,12482306,0,84,0,0,13.102733,128,[84 -64 4 0 0 0 0 0 0 0 0 0 -15 11 -16 10 -17 11 -18 12 -18 10 -17 8 -18 9 -17 7 -18 8 -19 7 -20 8 -21 7 -20 7 -19 6 -18 5 -21 8 -19 4 -18 4 -18 5 -18 5 -17 5 -18 6 -16 4 -18 6 -19 7 -18 7 0 0 -18 7 -18 8 -18 9 -17 8 -16 7 -17 8 -17 9 -16 7 -16 10 -17 8 -17 10 -15 8 -16 9 -16 9 -16 9 -16 10 -17 11 -16 10 -16 10 -15 11 -16 11 -15 11 -15 11 -16 12 -15 11 -14 11 0 0 0 0 0 0 0 0 0 0 ]
CSI_DATA,AP,3C:61:05:12:7D:CC,-55,11,1,2,1,1,1,0,0,0,0,-94,0,8,1,12483211,0,84,0,0,13.144572,384,[84 -64 4 0 0 0 0 0 0 0 0 0 13 4 13 4 14 5 14 7 13 6 12 7 12 7 12 7 12 7 11 8 12 10 12 10 11 10 11 11 10 10 12 10 10 9 9 9 10 9 10 9 10 9 11 9 8 9 9 10 10 11 10 9 0 0 11 9 11 8 11 9 10 8 9 9 11 8 11 8 11 7 12 7 10 5 11 7 10 7 11 7 12 5 11 6 12 5 13 6 12 4 12 3 12 2 13 4 13 3 13 4 13 4 12 5 12 3 0 0 0 0 0 0 0 0 0 0 ]
CSI_DATA,AP,3C:61:05:12:7D:CC,-55,11,1,1,1,1,1,0,0,0,0,-94,0,8,1,12519517,0,84,0,0,13.180679,384,[84 -64 4 0 0 0 0 0 0 0 0 0 7 13 6 13 7 15 6 16 5 15 4 14 4 14 4 14 3 15 3 15 3 16 3 17 3 16 1 16 0 15 2 17 1 15 0 14 1 14 1 14 1 15 0 15 0 14 1 15 1 16 2 14 0 0 2 15 2 15 2 15 3 14 1 14 3 14 3 15 3 13 3 14 5 12 5 13 3 12 4 13 5 12 4 13 6 12 6 14 6 11 7 11 8 9 7 12 7 12 8 12 8 11 7 12 8 10 0 0 0 0 0 0 0 0 0 0 ]
CSI_DATA,AP,3C:61:05:12:7D:CC,-53,11,0,0,0,0,0,0,0,0,0,-94,0,8,1,12561636,0,84,0,0,13.216358,128,[84 -64 4 0 0 0 0 0 0 0 0 0 15 -12 16 -11 17 -12 19 -12 17 -11 17 -9 18 -8 17 -7 18 -8 18 -7 19 -9 20 -8 19 -8 19 -8 18 -6 20 -8 18 -6 17 -5 18 -5 17 -5 17 -5 18 -6 15 -4 16 -7 18 -8 18 -8 0 0 17 -8 17 -8 17 -10 16 -9 15 -7 16 -9 16 -9 15 -8 16 -10 15 -9 16 -11 14 -9 14 -11 16 -11 15 -10 15 -11 15 -12 15 -11 14 -11 14 -11 14 -11 14 -12 14 -12 13 -14 13 -12 13 -12 0 0 0 0 0 0 0 0 0 0 ]
CSI_DATA,AP,3C:61:05:12:7D:CC,-54,11,0,0,0,0,0,0,0,0,0,-94,0,8,1,12603734,0,84,0,0,13.258536,128,[84 -64 4 0 0 0 0 0 0 0 0 0 -3 -20 -2 -20 -3 -22 -2 -23 -1 -21 0 -19 0 -21 2 -19 1 -21 3 -20 2 -22 3 -23 2 -21 3 -21 3 -19 2 -22 4 -19 4 -19 3 -19 3 -19 3 -18 2 -20 3 -17 2 -19 2 -21 2 -20 0 0 0 -19 0 -20 -1 -20 0 -19 0 -17 -2 -19 -1 -20 -1 -18 -3 -19 -1 -18 -2 -20 -1 -17 -3 -18 -2 -19 -3 -18 -3 -18 -5 -20 -4 -18 -4 -18 -5 -18 -5 -18 -5 -18 -5 -18 -6 -19 -5 -18 -5 -18 0 0 0 0 0 0 0 0 0 0 ]
CSI_DATA,AP,3C:61:05:12:7D:CC,-55,11,0,0,0,0,0,0,0,0,0,-94,0,8,1,12638377,0,84,0,0,13.301158,128,[84 -64 4 0 0 0 0 0 0 0 0 0 -18 -6 -18 -7 -18 -7 -20 -8 -18 -8 -16 -9 -17 -10 -15 -10 -16 -11 -16 -11 -18 -10 -19 -11 -18 -11 -17 -10 -15 -11 -18 -11 -15 -11 -14 -11 -15 -11 -14 -11 -14 -11 -15 -11 -12 -10 -15 -9 -17 -10 -16 -10 0 0 -16 -9 -17 -9 -17 -9 -16 -8 -15 -8 -16 -8 -17 -8 -15 -8 -16 -7 -16 -8 -18 -6 -15 -6 -16 -5 -17 -7 -16 -7 -17 -6 -18 -6 -17 -6 -16 -6 -16 -5 -16 -5 -17 -5 -17 -4 -18 -3 -16 -4 -16 -3 0 0 0 0 0 0 0 0 0 0 ]
CSI_DATA,AP,3C:61:05:12:7D:CC,-55,11,0,0,0,0,0,0,0,0,0,-94,0,8,1,12673160,0,84,0,0,13.347598,128,[84 -64 4 0 0 0 0 0 0 0 0 0 -16 14 -17 13 -18 14 -20 14 -18 12 -18 10 -19 11 -19 9 -20 10 -20 9 -21 11 -22 10 -21 10 -20 9 -19 8 -22 11 -20 8 -19 7 -19 7 -19 7 -18 7 -20 8 -17 6 -18 8 -20 10 -19 9 0 0 -18 10 -18 10 -18 11 -17 10 -16 9 -17 11 -17 11 -16 9 -16 12 -16 10 -17 13 -14 11 -14 12 -16 12 -15 11 -15 13 -15 14 -15 13 -15 12 -14 13 -14 13 -14 13 -13 13 -13 15 -13 13 -12 14 0 0 0 0 0 0 0 0 0 0 ]
CSI_DATA,AP,3C:61:05:12:7D:CC,-55,11,0,0,0,0,0,0,0,0,0,-94,0,8,1,12710316,0,84,0,0,13.391086,128,[84 -64 4 0 0 0 0 0 0 0 0 0 -21 -7 -20 -8 -22 -9 -22 -9 -20 -10 -18 -11 -19 -12 -17 -12 -18 -13 -18 -13 -20 -13 -20 -14 -19 -13 -18 -13 -16 -13 -20 -14 -16 -14 -15 -13 -15 -13 -15 -13 -15 -13 -16 -14 -13 -12 -16 -12 -18 -12 -17 -12 0 0 -17 -11 -18 -11 -18 -11 -18 -10 -15 -10 -17 -10 -18 -10 -16 -11 -17 -9 -17 -10 -19 -9 -16 -8 -17 -8 -18 -9 -17 -9 -18 -8 -20 -8 -18 -8 -18 -8 -18 -8 -18 -8 -18 -7 -19 -7 -19 -5 -18 -6 -18 -6 0 0 0 0 0 0 0 0 0 0 ]
CSI_DATA,AP,3C:61:05:12:7D:CC,-55,11,0,0,0,0,0,0,0,0,0,-94,0,8,1,12750665,0,84,0,0,13.438572,128,[84 -64 4 0 0 0 0 0 0 0 0 0 19 -5 19 -5 21 -5 22 -5 21 -4 19 -2 20 -3 19 -1 20 -2 20 0 22 0 23 0 22 0 20 0 19 0 22 -1 19 1 18 1 19 1 19 0 18 0 20 0 16 1 19 0 21 0 20 -1 0 0 19 -2 20 -2 20 -3 19 -2 17 -2 18 -4 19 -4 17 -4 18 -5 18 -3 20 -4 17 -3 18 -4 18 -5 18 -4 18 -5 19 -7 18 -6 18 -7 17 -7 17 -7 17 -8 17 -7 18 -8 16 -7 17 -7 0 0 0 0 0 0 0 0 0 0 ]
CSI_DATA,AP,3C:61:05:12:7D:CC,-55,11,0,0,0,0,0,0,0,0,0,-94,0,8,1,12789937,0,84,0,0,13.477543,128,[84 -64 4 0 0 0 0 0 0 0 0 0 5 -19 6 -19 7 -20 7 -22 8 -20 8 -18 8 -19 9 -17 9 -19 10 -17 11 -19 12 -20 11 -19 11 -18 11 -16 11 -20 11 -17 10 -16 10 -16 9 -17 10 -16 10 -18 10 -13 9 -16 10 -19 10 -18 0 0 8 -18 8 -18 7 -19 7 -18 7 -16 6 -18 6 -19 6 -17 5 -19 7 -17 7 -20 6 -17 6 -18 6 -19 5 -18 5 -19 4 -20 4 -19 4 -19 3 -19 3 -19 2 -20 3 -19 3 -20 3 -19 3 -19 0 0 0 0 0 0 0 0 0 0 ]
CSI_DATA,AP,3C:61:05:12:7D:CC,-56,11,1,1,0,1,1,0,0,0,0,-94,0,8,1,12824314,0,84,0,0,13.519123,256,[84 -64 4 0 0 0 0 0 0 0 0 0 15 -13 16 -12 17 -13 18 -13 17 -11 17 -10 18 -10 18 -9 19 -9 19 -8 19 -9 20 -9 19 -9 19 -8 18 -8 20 -9 19 -7 18 -7 17 -7 17 -7 18 -7 18 -7 17 -7 17 -8 18 -9 17 -8 0 0 17 -9 17 -9 16 -10 16 -10 15 -9 16 -10 16 -10 16 -9 16 -11 16 -10 15 -12 15 -11 15 -12 15 -12 15 -11 15 -12 15 -14 14 -12 14 -13 14 -13 14 -13 14 -14 14 -14 13 -15 14 -14 13 -14 0 0 0 0 0 0 0 0 0 0 ]
CSI_DATA,AP,3C:61:05:12:7D:CC,-55,11,0,0,0,0,0,0,0,0,0,-94,0,8,1,12861550,0,84,0,0,13.561911,128,[84 -64 4 0 0 0 0 0 0 0 0 0 -20 -4 -21 -5 -21 -6 -23 -6 -21 -6 -19 -8 -20 -8 -19 -9 -19 -9 -18 -10 -21 -10 -21 -11 -20 -10 -20 -10 -18 -10 -21 -10 -18 -11 -17 -10 -17 -10 -18 -10 -17 -10 -18 -11 -15 -10 -18 -9 -20 -10 -20 -9 0 0 -20 -8 -20 -8 -21 -8 -19 -7 -18 -7 -20 -7 -20 -7 -18 -7 -20 -6 -18 -7 -21 -6 -18 -6 -19 -5 -21 -6 -19 -6 -21 -5 -22 -4 -21 -5 -20 -5 -20 -5 -20 -4 -21 -4 -20 -4 -22 -3 -20 -4 -20 -3 0 0 0 0 0 0 0 0 0 0 ]
CSI_DATA,AP,3C:61:05:12:7D:CC,-54,11,0,0,0,0,0,0,0,0,0,-94,0,8,1,12900329,0,84,0,0,13.608005,128,[84 -64 4 0 0 0 0 0 0 0 0 0 -20 -6 -20 -7 -21 -7 -23 -8 -20 -8 -19 -9 -19 -9 -18 -10 -20 -10 -19 -11 -21 -11 -21 -12 -20 -12 -20 -11 -18 -11 -22 -12 -18 -12 -17 -11 -17 -12 -18 -11 -17 -11 -19 -12 -15 -11 -18 -10 -21 -11 -20 -11 0 0 -20 -9 -20 -9 -21 -8 -20 -8 -18 -8 -20 -8 -21 -8 -19 -8 -21 -7 -19 -8 -22 -7 -18 -7 -20 -6 -21 -7 -20 -7 -21 -6 -23 -5 -21 -5 -21 -5 -21 -5 -21 -5 -22 -4 -21 -4 -22 -3 -21 -4 -21 -3 0 0 0 0 0 0 0 0 0 0 ]
CSI_DATA,AP,3C:61:05:12:7D:CC,-54,11,0,0,0,0,0,0,0,0,0,-94,0,8,1,12942927,0,84,0,0,13.654451,128,[84 -64 4 0 0 0 0 0 0 0 0 0 -6 -17 -6 -17 -6 -19 -7 -19 -5 -19 -4 -18 -4 -19 -2 -17 -3 -19 -1 -19 -3 -21 -2 -22 -2 -21 -2 -19 -1 -18 -2 -21 0 -18 0 -18 0 -19 -1 -19 0 -17 -1 -19 1 -17 -1 -19 -2 -20 -2 -20 0 0 -3 -19 -3 -20 -3 -20 -3 -19 -2 -17 -4 -19 -4 -19 -3 -18 -5 -19 -3 -19 -5 -20 -3 -17 -5 -18 -4 -19 -4 -19 -5 -19 -7 -20 -5 -19 -6 -19 -6 -18 -6 -18 -7 -19 -6 -18 -7 -19 -6 -18 -6 -18 0 0 0 0 0 0 0 0 0 0 ]
CSI_DATA,AP,3C:61:05:12:7D:CC,-56,11,1,1,1,1,1,0,0,0,0,-94,0,8,1,13381756,0,84,0,0,13.705617,384,[84 -64 4 0 0 0 0 0 0 0 0 0 -2 -15 -1 -14 -1 -15 0 -17 1 -16 2 -14 1 -15 1 -15 2 -15 3 -15 4 -16 3 -16 4 -16 5 -16 5 -14 5 -16 5 -14 5 -13 5 -14 4 -13 4 -14 5 -14 6 -12 5 -14 6 -15 4 -14 0 0 5 -15 4 -14 4 -15 3 -14 5 -13 3 -14 4 -15 3 -14 3 -15 1 -13 2 -14 3 -13 2 -14 1 -14 2 -14 0 -14 1 -16 -1 -13 0 -14 -2 -13 0 -14 -1 -15 0 -15 -1 -15 0 -15 -1 -14 0 0 0 0 0 0 0 0 0 0 ]
CSI_DATA,AP,3C:61:05:12:7D:CC,-56,11,1,1,1,1,1,0,0,0,0,-94,0,8,1,13382052,0,84,0,0,13.739868,384,[84 -64 4 0 0 0 0 0 0 0 0 0 1 14 1 13 0 15 -1 16 -1 15 -3 13 -2 14 -2 14 -3 14 -4 14 -4 15 -4 15 -4 15 -6 15 -6 13 -5 16 -5 13 -6 13 -5 13 -5 12 -5 13 -5 13 -6 12 -6 13 -7 14 -5 13 0 0 -5 13 -5 14 -5 14 -4 13 -6 12 -4 14 -4 14 -4 13 -3 13 -2 13 -2 14 -3 12 -3 13 -1 13 -3 13 -1 13 -2 15 0 13 0 13 1 12 -1 13 0 13 0 14 1 14 -1 13 1 13 0 0 0 0 0 0 0 0 0 0 ]
CSI_DATA,AP,3C:61:05:12:7D:CC,-56,11,1,1,1,1,1,0,0,0,0,-94,0,8,1,13382321,0,84,0,0,13.779193,384,[84 -64 4 0 0 0 0 0 0 0 0 0 0 14 0 13 0 15 -1 15 -1 15 -3 13 -3 15 -3 13 -3 14 -4 14 -5 15 -4 15 -5 15 -6 14 -6 12 -6 15 -6 13 -6 12 -6 12 -6 12 -6 12 -6 13 -7 11 -7 13 -7 14 -5 13 0 0 -6 13 -5 14 -6 14 -5 13 -7 12 -5 13 -5 13 -5 12 -5 13 -3 12 -3 14 -4 12 -4 13 -2 13 -3 13 -2 13 -3 15 -1 13 -1 13 0 12 -2 13 -1 13 -1 14 0 13 -2 13 0 13 0 0 0 0 0 0 0 0 0 0 ]
CSI_DATA,AP,3C:61:05:12:7D:CC,-56,11,1,1,1,1,1,0,0,0,0,-94,0,8,1,13382680,0,84,0,0,13.818942,384,[84 -64 4 0 0 0 0 0 0 0 0 0 -5 13 -5 13 -6 14 -7 14 -6 14 -7 11 -8 13 -7 12 -9 12 -9 12 -10 13 -10 13 -10 12 -11 11 -10 10 -11 12 -10 10 -10 10 -10 10 -10 10 -11 10 -11 10 -11 9 -11 10 -12 10 -10 10 0 0 -10 11 -10 11 -10 11 -9 11 -10 9 -9 11 -10 11 -9 10 -9 11 -7 11 -7 12 -8 10 -8 11 -7 11 -8 11 -7 12 -8 13 -5 12 -5 12 -4 12 -6 12 -6 12 -6 13 -5 13 -6 12 -4 12 0 0 0 0 0 0 0 0 0 0 ]
CSI_DATA,AP,3C:61:05:12:7D:CC,-56,11,1,1,1,1,1,0,0,0,0,-94,0,8,1,13383806,0,84,0,0,13.860940,384,[84 -64 4 0 0 0 0 0 0 0 0 0 6 12 6 11 6 13 5 14 5 14 4 13 5 14 4 13 4 13 2 14 2 15 2 16 2 15 0 15 0 14 1 16 1 14 0 14 0 14 1 14 1 14 1 15 -1 13 0 15 -1 16 1 14 0 0 1 14 2 14 2 15 2 13 0 14 2 14 2 14 2 13 3 13 3 12 3 13 2 13 3 13 4 12 3 12 5 12 4 14 5 12 6 12 6 10 5 12 6 12 6 12 6 12 5 12 5 11 0 0 0 0 0 0 0 0 0 0 ]
CSI_DATA,AP,3C:61:05:12:7D:CC,-60,11,1,1,1,1,1,0,0,0,0,-94,0,8,1,13384309,0,84,0,0,13.896819,384,[84 -64 4 0 0 0 0 0 0 0 0 0 -2 15 -3 17 -1 18 -4 20 -3 16 -4 18 -5 17 -4 18 -4 18 -6 17 -8 18 -8 18 -8 15 -9 19 -9 16 -9 18 -7 16 -10 14 -8 15 -9 16 -9 14 -9 16 -10 13 -10 15 -10 16 -7 16 0 0 -8 16 -7 16 -8 17 -6 16 -9 15 -7 16 -7 17 -6 15 -5 16 -3 15 -4 16 -5 15 -5 16 -3 15 -4 15 -2 16 -4 18 -1 16 -1 16 0 16 -2 17 -2 16 -1 17 0 17 -2 16 -1 16 0 0 0 0 0 0 0 0 0 0 ]
CSI_DATA,AP,3C:61:05:12:7D:CC,-59,11,1,1,1,1,1,0,0,0,0,-94,0,8,1,13384587,0,84,0,0,13.937262,384,[84 -64 4 0 0 0 0 0 0 0 0 0 0 -17 0 -17 -1 -17 1 -18 2 -16 2 -15 2 -16 0 -16 2 -16 5 -15 5 -17 6 -18 6 -17 5 -16 6 -15 7 -17 6 -14 7 -15 7 -14 5 -15 6 -15 6 -16 6 -13 7 -15 7 -16 6 -15 0 0 5 -15 5 -16 5 -17 4 -16 6 -15 5 -16 5 -16 4 -15 4 -16 1 -14 3 -16 4 -14 3 -15 2 -15 3 -15 1 -16 2 -18 0 -15 0 -16 -2 -14 0 -16 0 -16 0 -16 -1 -16 1 -16 -1 -15 0 0 0 0 0 0 0 0 0 0 ]
CSI_DATA,AP,3C:61:05:12:7D:CC,-56,11,1,1,1,1,1,0,0,0,0,-94,0,8,1,13385179,0,84,0,0,14.44164,384,[84 -64 4 0 0 0 0 0 0 0 0 0 4 -14 4 -14 5 -15 6 -15 7 -15 7 -13 7 -14 7 -13 7 -13 8 -12 10 -13 10 -13 9 -13 10 -12 9 -11 11 -13 10 -11 10 -10 9 -10 9 -10 9 -11 10 -11 10 -9 10 -10 11 -11 9 -11 0 0 10 -11 9 -12 10 -12 8 -11 9 -10 8 -12 9 -12 8 -11 8 -12 6 -12 6 -13 7 -11 7 -12 6 -12 7 -12 6 -12 7 -14 4 -13 4 -13 3 -13 5 -13 4 -13 5 -14 4 -14 6 -13 3 -13 0 0 0 0 0 0 0 0 0 0 ]
CSI_DATA,AP,3C:61:05:12:7D:CC,-56,11,1,1,1,1,1,0,0,0,0,-94,0,8,1,13547651,0,84,0,0,14.85441,384,[84 -64 4 0 0 0 0 0 0 0 0 0 2 13 2 13 2 14 1 15 1 14 -1 13 0 14 0 13 -1 14 -1 14 -2 15 -2 15 -2 15 -4 14 -4 13 -3 15 -3 13 -3 13 -3 13 -3 13 -3 13 -3 14 -4 12 -4 13 -4 14 -3 13 0 0 -3 14 -2 13 -3 14 -2 13 -3 13 -2 13 -2 14 -1 12 -1 13 0 12 0 13 -1 12 -1 13 0 13 -1 12 1 12 0 14 2 12 2 12 3 11 2 13 2 12 2 13 3 13 1 13 2 12 0 0 0 0 0 0 0 0 0 0 ]
CSI_DATA,AP,3C:61:05:12:7D:CC,-54,11,0,0,0,0,0,0,0,0,0,-94,0,8,1,13578395,0,84,0,0,14.123636,128,[84 -64 4 0 0 0 0 0 0 0 0 0 -9 -17 -8 -18 -8 -19 -9 -20 -7 -18 -6 -18 -5 -18 -4 -19 -4 -19 -4 -19 -6 -21 -5 -21 -5 -20 -5 -20 -3 -19 -5 -21 -3 -19 -2 -17 -2 -19 -3 -18 -2 -18 -3 -20 -2 -16 -5 -18 -6 -20 -5 -19 0 0 -5 -19 -6 -19 -7 -19 -7 -17 -5 -17 -6 -18 -6 -18 -6 -17 -7 -18 -6 -17 -9 -18 -7 -16 -9 -16 -8 -18 -8 -17 -9 -18 -10 -18 -9 -17 -9 -17 -9 -16 -9 -17 -9 -17 -10 -16 -12 -16 -10 -16 -11 -16 0 0 0 0 0 0 0 0 0 0 ]
CSI_DATA,AP,3C:61:05:12:7D:CC,-56,11,1,1,1,1,1,0,0,0,0,-94,0,8,1,13766132,0,84,0,0,14.169048,384,[84 -64 4 0 0 0 0 0 0 0 0 0 6 13 6 13 6 15 5 16 5 15 3 14 4 15 4 14 3 15 2 15 2 17 3 17 2 16 0 17 0 15 2 17 0 15 1 15 1 15 1 15 1 15 1 16 -1 14 0 15 0 17 1 15 0 0 1 15 2 15 2 16 2 14 0 14 3 15 3 15 3 13 4 14 5 12 4 14 3 13 3 14 5 13 4 13 6 13 6 15 6 12 7 12 8 10 7 13 7 12 7 13 8 12 6 13 7 11 0 0 0 0 0 0 0 0 0 0 ]
CSI_DATA,AP,3C:61:05:12:7D:CC,-56,11,1,1,1,1,1,0,0,0,0,-94,0,8,1,13766437,0,84,0,0,14.204711,384,[84 -64 4 0 0 0 0 0 0 0 0 0 6 14 5 13 5 15 4 16 4 16 2 14 4 15 3 14 3 15 1 15 1 17 1 17 1 16 0 16 -1 14 1 17 0 15 -1 15 -1 15 0 15 0 15 0 16 -2 14 -1 15 -1 17 0 15 0 0 1 15 1 15 1 16 2 15 0 14 2 15 2 15 2 14 3 14 4 13 4 14 2 13 3 14 5 13 3 14 5 13 5 16 5 12 6 12 7 11 6 12 7 12 7 13 8 13 6 13 7 11 0 0 0 0 0 0 0 0 0 0 ]
CSI_DATA,AP,3C:61:05:12:7D:CC,-56,11,1,1,1,1,1,0,0,0,0,-94,0,8,1,13766725,0,84,0,0,14.240992,384,[84 -64 4 0 0 0 0 0 0 0 0 0 6 13 6 12 6 14 5 16 5 15 3 14 4 15 3 14 3 15 3 15 2 17 2 17 2 17 0 16 0 15 2 17 0 15 0 15 0 15 0 15 0 15 0 15 -1 14 0 15 0 17 1 15 0 0 1 15 2 15 2 16 2 14 1 15 2 15 2 16 2 14 3 14 4 13 4 14 3 13 4 14 5 13 4 13 6 13 6 15 6 12 6 12 7 11 6 13 7 13 7 13 8 13 6 13 7 11 0 0 0 0 0 0 0 0 0 0 ]
CSI_DATA,AP,3C:61:05:12:7D:CC,-56,11,1,1,1,1,1,0,0,0,0,-94,0,8,1,13767048,0,84,0,0,14.276852,384,[84 -64 4 0 0 0 0 0 0 0 0 0 2 15 2 14 2 16 0 17 0 16 -1 15 0 16 -1 14 -1 15 -3 15 -4 17 -3 17 -4 16 -5 16 -5 14 -4 17 -5 14 -5 14 -4 14 -4 14 -4 14 -4 15 -6 13 -5 14 -6 16 -5 15 0 0 -4 15 -4 15 -4 15 -3 14 -5 13 -3 15 -3 16 -2 14 -2 15 0 13 -1 15 -3 13 -2 14 0 14 -2 14 0 14 0 16 1 13 1 14 3 12 1 14 1 14 2 15 2 14 0 15 2 13 0 0 0 0 0 0 0 0 0 0 ]
CSI_DATA,AP,3C:61:05:12:7D:CC,-56,11,1,1,1,1,1,0,0,0,0,-94,0,8,1,13854732,0,84,0,0,14.315564,384,[84 -64 4 0 0 0 0 0 0 0 0 0 -4 15 -4 14 -5 16 -6 16 -6 15 -7 13 -7 14 -6 14 -7 14 -8 14 -10 15 -10 15 -9 14 -10 14 -10 12 -10 15 -10 13 -10 12 -9 13 -9 12 -9 12 -9 13 -10 11 -10 12 -10 14 -9 13 0 0 -9 13 -8 13 -9 14 -7 13 -9 11 -7 13 -8 14 -7 13 -6 14 -4 13 -5 14 -6 13 -6 13 -5 14 -5 13 -4 14 -5 15 -3 13 -3 14 -1 13 -3 14 -3 14 -2 14 -2 15 -3 14 -2 14 0 0 0 0 0 0 0 0 0 0 ]
CSI_DATA,AP,3C:61:05:12:7D:CC,-56,11,1,1,1,1,1,0,0,0,0,-94,0,8,1,13855128,0,84,0,0,14.356615,384,[84 -64 4 0 0 0 0 0 0 0 0 0 -9 12 -10 12 -10 13 -12 13 -11 12 -12 10 -12 11 -12 10 -12 10 -13 9 -15 10 -14 11 -14 10 -15 9 -14 8 -15 10 -14 8 -14 7 -13 8 -13 8 -14 8 -14 8 -13 6 -14 8 -15 8 -13 9 0 0 -13 9 -13 9 -14 10 -12 9 -13 8 -13 9 -13 10 -11 9 -12 10 -9 10 -10 11 -11 9 -11 10 -10 11 -10 10 -9 12 -11 12 -8 12 -8 12 -6 11 -8 12 -8 12 -8 12 -8 13 -9 12 -7 12 0 0 0 0 0 0 0 0 0 0 ]
CSI_DATA,AP,3C:61:05:12:7D:CC,-56,11,1,1,1,1,1,0,0,0,0,-94,0,8,1,13855613,0,84,0,0,14.398636,384,[84 -64 4 0 0 0 0 0 0 0 0 0 -14 8 -13 7 -15 8 -17 7 -15 6 -15 5 -15 6 -15 5 -16 5 -16 4 -17 4 -18 4 -17 4 -18 2 -16 2 -18 3 -16 2 -16 2 -15 1 -15 2 -16 2 -17 2 -15 1 -16 1 -18 1 -16 3 0 0 -16 3 -16 4 -17 4 -15 4 -15 2 -15 4 -16 4 -14 4 -15 5 -13 6 -14 6 -14 4 -14 5 -13 6 -14 5 -13 7 -16 7 -12 7 -12 8 -11 9 -13 8 -13 8 -13 9 -12 9 -13 7 -12 9 0 0 0 0 0 0 0 0 0 0 ]
CSI_DATA,AP,3C:61:05:12:7D:CC,-56,11,1,1,1,1,1,0,0,0,0,-94,0,8,1,13855954,0,84,0,0,14.438901,384,[84 -64 4 0 0 0 0 0 0 0 0 0 -15 4 -16 4 -16 4 -18 3 -17 2 -15 1 -16 2 -16 2 -16 1 -17 0 -18 -1 -18 0 -18 -1 -18 -2 -16 -2 -19 -1 -17 -2 -16 -2 -16 -2 -16 -2 -16 -2 -17 -1 -15 -3 -16 -2 -18 -3 -16 -1 0 0 -17 -1 -16 0 -17 0 -15 1 -15 -2 -16 0 -17 0 -15 1 -16 1 -14 3 -15 2 -15 1 -15 2 -15 3 -15 2 -15 4 -17 3 -14 4 -14 5 -13 6 -15 5 -14 4 -15 5 -15 6 -15 4 -14 5 0 0 0 0 0 0 0 0 0 0 ]
CSI_DATA,AP,3C:61:05:12:7D:CC,-57,11,1,1,1,1,1,0,0,0,0,-94,0,8,1,14184676,0,84,0,0,14.506214,384,[84 -64 4 0 0 0 0 0 0 0 0 0 13 7 12 7 13 8 13 10 12 10 11 9 12 10 10 10 11 11 10 11 11 12 11 12 10 12 9 13 8 12 11 13 9 12 8 12 8 12 8 12 8 12 9 12 7 12 8 12 9 13 9 11 0 0 9 11 10 11 10 12 10 10 8 12 10 11 10 11 9 10 10 10 11 7 11 9 9 9 11 9 11 8 11 9 12 7 13 9 12 6 12 6 12 5 12 7 12 7 13 7 13 5 12 6 12 5 0 0 0 0 0 0 0 0 0 0 ]
CSI_DATA,AP,3C:61:05:12:7D:CC,-56,11,1,1,1,1,1,0,0,0,0,-94,0,8,1,14185942,0,84,0,0,14.533679,384,[84 -64 4 0 0 0 0 0 0 0 0 0 0 -14 0 -14 0 -15 2 -16 2 -15 3 -14 3 -14 3 -14 3 -14 4 -14 5 -15 5 -15 5 -15 6 -14 6 -13 6 -15 6 -13 6 -12 6 -13 5 -12 5 -12 6 -13 6 -11 6 -13 7 -14 5 -13 0 0 6 -13 5 -13 6 -14 4 -13 6 -12 5 -13 5 -14 4 -13 4 -14 2 -12 2 -14 3 -12 3 -13 3 -13 3 -13 2 -13 3 -15 1 -12 1 -13 -1 -13 1 -14 1 -13 1 -14 0 -14 1 -14 0 -13 0 0 0 0 0 0 0 0 0 0 ]
CSI_DATA,AP,3C:61:05:12:7D:CC,-56,11,1,1,1,1,1,0,0,0,0,-94,0,8,1,14187372,0,84,0,0,14.573903,384,[84 -64 4 0 0 0 0 0 0 0 0 0 -6 -13 -6 -13 -6 -14 -5 -16 -5 -15 -3 -14 -4 -14 -4 -14 -4 -14 -3 -15 -2 -16 -2 -16 -2 -16 0 -16 -1 -14 -2 -17 -1 -15 -1 -14 -1 -14 -2 -14 -2 -14 -2 -15 0 -13 0 -15 0 -16 -1 -14 0 0 -2 -15 -3 -14 -3 -15 -3 -14 -2 -14 -3 -14 -3 -15 -4 -13 -4 -14 -5 -12 -4 -13 -3 -13 -4 -13 -5 -13 -4 -13 -6 -12 -6 -14 -6 -11 -7 -12 -8 -10 -7 -12 -7 -12 -7 -13 -7 -12 -6 -12 -7 -11 0 0 0 0 0 0 0 0 0 0 ]
CSI_DATA,AP,3C:61:05:12:7D:CC,-57,11,1,1,1,1,1,0,0,0,0,-94,0,8,1,14187740,0,84,0,0,14.618355,384,[84 -64 4 0 0 0 0 0 0 0 0 0 5 15 5 15 5 16 4 18 3 17 2 16 2 17 2 16 2 16 1 17 0 19 1 19 0 18 -1 18 -1 17 0 19 -1 17 -3 16 -1 16 -1 16 -2 16 -1 17 -3 15 -2 17 -2 18 -1 16 0 0 -1 17 0 16 0 18 0 16 -1 16 0 17 0 17 1 15 1 16 3 14 2 16 1 15 2 15 3 15 2 15 4 15 3 17 5 14 5 15 6 13 5 15 5 14 5 15 6 15 4 15 5 13 0 0 0 0 0 0 0 0 0 0 ]
CSI_DATA,AP,3C:61:05:12:7D:CC,-57,11,1,1,1,1,1,0,0,0,0,-94,0,8,1,14188063,0,84,0,0,14.655327,384,[84 -64 4 0 0 0 0 0 0 0 0 0 -2 13 -2 13 -3 14 -4 15 -4 13 -5 12 -5 13 -5 13 -6 13 -6 13 -7 13 -7 14 -7 13 -8 12 -8 11 -8 13 -8 11 -8 11 -8 11 -8 11 -8 11 -8 12 -9 10 -8 11 -9 12 -8 11 0 0 -8 11 -7 11 -8 12 -7 12 -8 10 -7 12 -8 12 -6 11 -7 11 -5 11 -5 12 -6 11 -6 11 -5 12 -6 11 -4 12 -6 14 -3 12 -4 12 -2 11 -4 13 -4 12 -3 13 -3 13 -4 12 -3 12 0 0 0 0 0 0 0 0 0 0 ]
CSI_DATA,AP,3C:61:05:12:7D:CC,-57,11,1,1,1,1,1,0,0,0,0,-94,0,8,1,14188377,0,84,0,0,14.695611,384,[84 -64 4 0 0 0 0 0 0 0 0 0 9 -12 9 -12 11 -13 12 -13 12 -12 11 -10 11 -11 11 -10 12 -10 12 -10 14 -10 14 -10 13 -10 14 -9 13 -8 15 -10 13 -8 13 -7 12 -7 12 -8 12 -8 13 -8 13 -7 13 -8 14 -8 12 -8 0 0 13 -9 12 -9 13 -10 11 -9 12 -8 12 -10 12 -10 11 -10 11 -10 9 -10 10 -11 10 -9 10 -10 9 -11 10 -11 9 -12 10 -13 8 -12 8 -12 6 -13 8 -13 8 -13 8 -13 7 -13 8 -12 7 -12 0 0 0 0 0 0 0 0 0 0 ]
CSI_DATA,AP,3C:61:05:12:7D:CC,-56,11,1,1,1,1,1,0,0,0,0,-94,0,8,1,14193785,0,84,0,0,14.737713,384,[84 -64 4 0 0 0 0 0 0 0 0 0 2 -14 2 -13 3 -15 4 -15 4 -14 5 -13 4 -14 5 -13 6 -14 6 -13 7 -14 7 -15 7 -14 8 -13 7 -12 8 -14 8 -12 8 -12 7 -12 7 -12 7 -12 7 -12 8 -11 8 -12 8 -13 7 -12 0 0 7 -13 6 -13 7 -13 6 -13 7 -11 6 -13 6 -13 5 -12 6 -13 3 -12 4 -13 5 -12 5 -13 4 -13 4 -13 3 -13 4 -15 2 -13 2 -13 0 -13 2 -13 2 -14 2 -14 2 -14 3 -14 1 -13 0 0 0 0 0 0 0 0 0 0 ]
CSI_DATA,AP,3C:61:05:12:7D:CC,-57,11,1,1,1,1,1,0,0,0,0,-94,0,8,1,14194171,0,84,0,0,14.777973,384,[84 -64 4 0 0 0 0 0 0 0 0 0 -12 10 -12 10 -13 10 -15 10 -14 9 -13 7 -14 8 -14 8 -15 7 -15 6 -16 7 -17 7 -16 6 -16 5 -16 4 -17 6 -16 5 -15 4 -15 4 -15 4 -15 5 -16 5 -14 3 -16 4 -17 5 -15 5 0 0 -15 5 -15 6 -16 6 -14 6 -15 4 -15 6 -15 6 -14 6 -14 7 -11 7 -13 8 -13 6 -13 7 -12 8 -13 7 -12 9 -14 9 -11 9 -11 9 -9 10 -12 9 -11 9 -12 9 -11 10 -12 9 -10 10 0 0 0 0 0 0 0 0 0 0 ]
CSI_DATA,AP,3C:61:05:12:7D:CC,-57,11,1,1,1,1,1,0,0,0,0,-94,0,8,1,14194512,0,84,0,0,14.818782,384,[84 -64 4 0 0 0 0 0 0 0 0 0 -14 8 -14 7 -15 7 -16 6 -15 6 -15 4 -15 5 -15 4 -15 4 -16 3 -18 3 -17 4 -17 3 -18 2 -16 1 -18 2 -16 1 -16 1 -16 1 -15 1 -16 1 -16 1 -15 0 -16 1 -18 1 -16 2 0 0 -16 2 -16 2 -17 3 -15 3 -15 1 -16 2 -16 3 -14 3 -15 4 -13 5 -15 5 -14 3 -14 4 -14 5 -14 4 -14 6 -16 5 -13 6 -13 6 -11 7 -14 6 -13 6 -14 7 -13 8 -14 6 -12 7 0 0 0 0 0 0 0 0 0 0 ]
